file,md5,source,query,url,w,h,title
images/麻婆豆腐/麻婆豆腐_001.jpg,5d159ba3b00418f2805bfe75b98dfe2e,search_baidu,麻婆豆腐 菜品,"https://img0.baidu.com/it/u=3721147088,3293244406&fm=253&fmt=auto&app=120&f=JPEG?w=800&h=836",800,836,"荔枝君 的想法: 麻婆豆腐,麻辣鲜香,家常必备! | #2024我最爱的美食照"
images/麻婆豆腐/麻婆豆腐_002.jpg,9856349620b3f964f9f6af70e16a75a5,search_baidu,麻婆豆腐 菜品,"https://img1.baidu.com/it/u=3010597519,240613099&fm=253&fmt=auto&app=138&f=JPEG?w=747&h=500",747,500,探寻味蕾的极致之旅:揭秘经典川菜——麻婆豆腐的魅力与制作秘籍_文化
images/麻婆豆腐/麻婆豆腐_003.jpg,c85aa26068c51288aa0c17bf249072ae,search_baidu,麻婆豆腐 菜品,"https://img0.baidu.com/it/u=255026853,2573917837&fm=253&fmt=auto&app=138&f=JPEG?w=506&h=500",506,500,"麻婆豆腐🔥鲜香麻辣,家常下饭神器!"
images/麻婆豆腐/麻婆豆腐_004.jpg,e86bc43daf2b86acbd74d92399bff126,search_baidu,麻婆豆腐 菜品,"https://img0.baidu.com/it/u=2876346700,1495413247&fm=253&fmt=auto&app=138&f=JPEG?w=872&h=500",872,500,掌握麻婆豆腐制作秘诀:焯水是关键
images/麻婆豆腐/麻婆豆腐_005.jpg,e6070e0a956cf30c34158699f7d9ae4d,search_baidu,麻婆豆腐 菜品,"https://img0.baidu.com/it/u=3518015612,3481490109&fm=253&fmt=auto&app=138&f=JPEG?w=500&h=647",500,647,麻婆豆腐:川菜的灵魂与魅力
images/麻婆豆腐/麻婆豆腐_006.jpg,ea1a2863cd4901f14d27b48ba19d2ce5,search_baidu,麻婆豆腐 菜品,"https://img2.baidu.com/it/u=3003158418,3329637638&fm=253&fmt=auto&app=120&f=JPEG?w=800&h=1044",800,1044,麻婆豆腐:麻辣鲜香的川菜传奇
images/麻婆豆腐/麻婆豆腐_007.jpg,438632dfea969147a479877e2cbf8e6c,search_baidu,麻婆豆腐 菜品,"https://img0.baidu.com/it/u=1443269048,2955322938&fm=253&fmt=auto&app=138&f=JPEG?w=500&h=667",500,667,麻辣麻婆豆腐_菜品_口感_风味
images/麻婆豆腐/麻婆豆腐_008.jpg,f813e14d6293411d20c79c4e16111f59,search_baidu,麻婆豆腐 菜品,"https://img2.baidu.com/it/u=4047053111,2848571597&fm=253&fmt=auto&app=138&f=JPEG?w=568&h=500",568,500,麻辣鲜香的经典佳肴:麻婆豆腐
images/麻婆豆腐/麻婆豆腐_009.jpg,b7aef76556f32fe4e382fd3d6f201a51,search_baidu,麻婆豆腐 菜品,"https://img0.baidu.com/it/u=1331783366,4047099468&fm=253&fmt=auto&app=138&f=JPEG?w=683&h=500",683,500,🍲 麻婆豆腐:川菜的麻辣传奇
images/麻婆豆腐/麻婆豆腐_010.jpg,df08254db56f20a52e2628adafbe07d2,search_baidu,麻婆豆腐 菜品,"https://img0.baidu.com/it/u=533936446,2366593741&fm=253&fmt=auto&app=138&f=JPEG?w=604&h=500",604,500,麻婆豆腐:从成都小店到全球美食的传奇故事
images/宫保鸡丁/宫保鸡丁_001.jpg,c704052a71f2ea1e0f6357ef171b7d31,search_baidu,宫保鸡丁 菜品,"https://img0.baidu.com/it/u=4090302227,1756598972&fm=253&fmt=auto&app=138&f=JPEG?w=764&h=500",764,500,宫保鸡丁:川菜的灵魂与魅力
images/宫保鸡丁/宫保鸡丁_002.jpg,64c26c7cc81bd6c9149ed22c44f13b74,search_baidu,宫保鸡丁 菜品,"https://img1.baidu.com/it/u=81133958,1347920290&fm=253&fmt=auto&app=138&f=JPEG?w=500&h=586",500,586,宫保鸡丁的起源与特点
images/宫保鸡丁/宫保鸡丁_003.jpg,c425b6e766eae5fa4bb3993a63e6d364,search_baidu,宫保鸡丁 菜品,"https://img0.baidu.com/it/u=46116093,1639301744&fm=253&fmt=auto&app=138&f=JPEG?w=500&h=874",500,874,"川味宫保鸡丁,家常新风味!"
images/宫保鸡丁/宫保鸡丁_004.jpg,e9063bcbf63a53659e7e3e6fc5ad57e7,search_baidu,宫保鸡丁 菜品,"https://img0.baidu.com/it/u=3842476247,1558397719&fm=253&fmt=auto&app=138&f=JPEG?w=500&h=631",500,631,宫保鸡丁菜品图幼儿园酱干胡萝卜炒肉图片炒宫保鸡丁宫保鸡丁的家常
images/宫保鸡丁/宫保鸡丁_005.jpg,d74a7182901fc3b203c9ceef23909c46,search_baidu,宫保鸡丁 菜品,"https://img1.baidu.com/it/u=2892216473,1841784514&fm=253&fmt=auto&app=120&f=JPEG?w=757&h=500",757,500,"宫保鸡丁:甜酸微辣超下饭,家常复刻零失败"
images/宫保鸡丁/宫保鸡丁_006.jpg,5838584108334969125521feb7e622c2,search_baidu,宫保鸡丁 菜品,"https://img1.baidu.com/it/u=998458570,2754801477&fm=253&fmt=auto&app=138&f=JPEG?w=500&h=653",500,653,宫保鸡丁:一道简单到让你惊奇的川菜经典
images/宫保鸡丁/宫保鸡丁_007.jpg,47443abcb1446c7260abe99ef3242ff6,search_baidu,宫保鸡丁 菜品,"https://img1.baidu.com/it/u=2492423569,254376646&fm=253&fmt=auto&app=138&f=JPEG?w=500&h=612",500,612,宫保鸡丁:从清官到美食的传承
images/宫保鸡丁/宫保鸡丁_008.jpg,771049ad683bfc5f2343c5e73396df2b,search_baidu,宫保鸡丁 菜品,"https://img1.baidu.com/it/u=2385991124,1105275890&fm=253&fmt=auto&app=138&f=JPEG?w=500&h=667",500,667,宫保鸡丁图片真实
images/宫保鸡丁/宫保鸡丁_009.jpg,d05a24b741bc2dc6001eaf9471977835,search_baidu,宫保鸡丁 菜品,"https://img2.baidu.com/it/u=2406117341,2171159972&fm=253&fmt=auto&app=138&f=JPEG?w=500&h=621",500,621,宫保鸡丁:传统与回忆的独特滋味
images/宫保鸡丁/宫保鸡丁_010.jpg,309dd86dcdb4fface7da0f029b286b57,search_baidu,宫保鸡丁 菜品,"https://img1.baidu.com/it/u=1061119768,1409211526&fm=253&fmt=auto&app=120&f=JPEG?w=1200&h=800",1200,800,"腊月十八""旺财日"",别忘记吃6样""发财菜"",寓意六六顺发"
images/回锅肉/回锅肉_001.jpg,d4a554a79cb049dfb7ea2f409f5bf238,search_baidu,回锅肉 菜品,"https://img1.baidu.com/it/u=1792262022,3827512274&fm=253&fmt=auto&app=120&f=JPEG?w=800&h=902",800,902,"麻婆豆腐,开水白菜……这川菜八大招牌菜,你吃过几道?"
images/回锅肉/回锅肉_002.jpg,0aeff754894790d4df275430e9f6808c,search_baidu,回锅肉 菜品,"https://img1.baidu.com/it/u=3555534343,2908290649&fm=253&fmt=auto&app=138&f=JPEG?w=500&h=631",500,631,"竹笋回锅肉,绝五花肉肥而不腻焦香入味竹笋爽口脆甜清爽解腻真的就这"
images/回锅肉/回锅肉_003.jpg,64e031332ce8874dde0e4b5a06f4ab76,search_baidu,回锅肉 菜品,"https://img2.baidu.com/it/u=314229059,943004166&fm=253&fmt=auto&app=120&f=JPEG?w=800&h=1044",800,1044,"四川朋友教我做回锅肉,真的太好吃了!"
images/回锅肉/回锅肉_004.jpg,f1f89cf25e69fc8395964332be24c45d,search_baidu,回锅肉 菜品,"https://img1.baidu.com/it/u=2352201313,3311417&fm=253&fmt=auto&app=138&f=JPEG?w=514&h=500",514,500,这个回锅肉真的太好吃了!巨下饭!
images/回锅肉/回锅肉_005.jpg,c83392c6ee3d4fc9520bd4bc38069f20,search_baidu,回锅肉 菜品,"https://img0.baidu.com/it/u=2821607179,444039974&fm=253&fmt=auto&app=120&f=JPEG?w=800&h=1067",800,1067,"川菜回锅肉:一口锅里的千年烟火气,一道菜读懂老百姓的胃"
images/回锅肉/回锅肉_006.jpg,6011f564d16d44de4aadd9eaea9d7cc2,search_baidu,回锅肉 菜品,"https://img2.baidu.com/it/u=2905102520,1111111306&fm=253&fmt=auto&app=138&f=JPEG?w=500&h=588",500,588,三菜一饭幸福感拉满～ 【土豆回锅肉】 1.
images/回锅肉/回锅肉_007.jpg,109891fd9efe006275656d7f72ab04ae,search_baidu,回锅肉 菜品,"https://img2.baidu.com/it/u=875720407,674297980&fm=253&fmt=auto&app=120&f=JPEG?w=800&h=1044",800,1044,"🌶️香辣回锅肉,简单又美味的家常菜"
images/回锅肉/回锅肉_008.jpg,5e5cf3cfef8aeb8fb73643e779fff873,search_baidu,回锅肉 菜品,"https://img1.baidu.com/it/u=1685029858,2288030922&fm=253&fmt=auto&app=120&f=JPEG?w=809&h=800",809,800,"五花肉红烧回锅肉,香到停不下来!"
images/回锅肉/回锅肉_009.jpg,68131c523d1e5d0d2c0307ef6404f6ae,search_baidu,回锅肉 菜品,"https://img2.baidu.com/it/u=907776859,2669558611&fm=253&fmt=auto&app=138&f=JPEG?w=500&h=671",500,671,《回锅肉:记忆中的美味》
images/回锅肉/回锅肉_010.jpg,3084519c9beb22c44c5a2607517bb812,search_baidu,回锅肉 菜品,"https://img0.baidu.com/it/u=1780643611,3221171431&fm=253&fmt=auto&app=120&f=JPEG?w=800&h=1020",800,1020,"蒜苗回锅肉这道经典川菜,经过改良后既能保留传统风味又符合现代健康"
images/鱼香肉丝/鱼香肉丝_001.jpg,07f919d7bff371a39b3963d78bace2fe,search_baidu,鱼香肉丝 菜品,"https://img0.baidu.com/it/u=3946938813,2535628925&fm=253&fmt=auto&app=120&f=JPEG?w=800&h=1071",800,1071,"🍲 美味鱼香肉丝,简单易做!"
images/鱼香肉丝/鱼香肉丝_002.jpg,898a34528143a0af9abc79653ab96539,search_baidu,鱼香肉丝 菜品,"https://img1.baidu.com/it/u=3533713622,1385839939&fm=253&fmt=auto&app=120&f=JPEG?w=800&h=974",800,974,鱼香肉丝这样做真的绝绝子!
images/鱼香肉丝/鱼香肉丝_003.jpg,02c95d4ebb351b2cbac94b21f8a4ec0a,search_baidu,鱼香肉丝 菜品,"https://img0.baidu.com/it/u=221196951,1754906636&fm=253&fmt=auto&app=120&f=JPEG?w=500&h=667",500,667,这道鱼香肉丝为啥能让全家抢着吃?秘诀来啦!
images/鱼香肉丝/鱼香肉丝_004.jpg,50fdb68c7066e6f197d6fc94d56bcc91,search_baidu,鱼香肉丝 菜品,"https://img1.baidu.com/it/u=166807304,1642400090&fm=253&fmt=auto&app=138&f=JPEG?w=662&h=500",662,500,"川菜中有道经典的家常菜,叫鱼香肉丝."
images/鱼香肉丝/鱼香肉丝_005.jpg,10d5c122d063a0efd59e66334ae3b47b,search_baidu,鱼香肉丝 菜品,"https://img1.baidu.com/it/u=3862816510,1231841666&fm=253&fmt=auto&app=120&f=JPEG?w=800&h=1406",800,1406,🐟 鱼香肉丝:家常川菜的魅力 🌶️
images/鱼香肉丝/鱼香肉丝_006.jpg,f18e7cfd345fc3e32ced91409a6ef4ac,search_baidu,鱼香肉丝 菜品,"https://img2.baidu.com/it/u=3559072691,3496273607&fm=253&fmt=auto&app=138&f=JPEG?w=500&h=655",500,655,"🍲 家庭版酸甜鱼香肉丝,简单又美味!"
images/鱼香肉丝/鱼香肉丝_007.jpg,2ceb6ba4ad9f2b420b5b94658861fbbe,search_baidu,鱼香肉丝 菜品,"https://img2.baidu.com/it/u=3323550739,1284168769&fm=253&fmt=auto&app=138&f=JPEG?w=500&h=659",500,659,孕期最爱:简单易做的鱼香肉丝 🍛
images/鱼香肉丝/鱼香肉丝_008.jpg,a7226b5f9eab10c3f0b8734e9390d3c3,search_baidu,鱼香肉丝 菜品,"https://img2.baidu.com/it/u=3243984454,3382146382&fm=253&fmt=auto&app=138&f=JPEG?w=500&h=632",500,632,"解锁四川名菜 —— 家庭版鱼香肉丝,超简单几步就能搞定!"
images/鱼香肉丝/鱼香肉丝_009.jpg,52b1015bba72a4a1b64f10c21fc80ef0,search_baidu,鱼香肉丝 菜品,"https://img2.baidu.com/it/u=793671613,3209076342&fm=253&fmt=auto&app=138&f=JPEG?w=500&h=518",500,518,"家庭版鱼香肉丝,酸甜鲜辣超下饭!"
images/鱼香肉丝/鱼香肉丝_010.jpg,eb022dfce2a7e0cb77ca64df2636ef5a,search_baidu,鱼香肉丝 菜品,"https://img1.baidu.com/it/u=2919835245,689290765&fm=253&fmt=auto&app=138&f=JPEG?w=500&h=649",500,649,"🍲 鱼香肉丝:家的味道,无法忘怀"
images/水煮鱼/水煮鱼_001.jpg,526cbc76eccfdd20cb4703d32dab5bf6,search_baidu,水煮鱼 菜品,"https://img0.baidu.com/it/u=362336665,4147041988&fm=253&fmt=auto&app=138&f=JPEG?w=500&h=644",500,644,"家常版水煮鱼,麻辣鲜香,简单易做"
images/水煮鱼/水煮鱼_002.jpg,83a4b7bb2dd3c7e2830377e6795df258,search_baidu,水煮鱼 菜品,"https://img2.baidu.com/it/u=2401331152,883394766&fm=253&fmt=auto&app=138&f=JPEG?w=500&h=667",500,667,水煮鱼(现代诗)  文/黑山  水煮鱼 因为这道菜 生也在水里 死也在水里
images/水煮鱼/水煮鱼_003.jpg,395651d9f4316862b8504cd320412988,search_baidu,水煮鱼 菜品,"https://img1.baidu.com/it/u=1424271174,1879653785&fm=253&fmt=auto&app=138&f=JPEG?w=500&h=653",500,653,"在家做水煮鱼,麻辣鲜香,简单又美味!"
images/水煮鱼/水煮鱼_004.jpg,feabee6ec03a73ffe56ef60da4cacb54,search_baidu,水煮鱼 菜品,"https://img0.baidu.com/it/u=3921977433,2399751976&fm=253&fmt=auto&app=120&f=JPEG?w=800&h=800",800,800,水煮鱼:一道好吃又简单的家常美味
images/水煮鱼/水煮鱼_005.jpg,f9e5a7cebc58d232182ab986bb2cddd6,search_baidu,水煮鱼 菜品,"https://img2.baidu.com/it/u=3061089856,2968883433&fm=253&fmt=auto&app=138&f=JPEG?w=500&h=646",500,646,🐟藤椒水煮鱼:节日餐桌必备美味
images/水煮鱼/水煮鱼_006.jpg,2a4b9af4d17207adad3e2e8aea057625,search_baidu,水煮鱼 菜品,"https://img0.baidu.com/it/u=81983392,401027944&fm=253&fmt=auto&app=138&f=JPEG?w=500&h=652",500,652,🐟 麻辣鲜香的水煮鱼制作秘籍 🌶️
images/水煮鱼/水煮鱼_007.jpg,313dfc9cd944b49302ab887de39e8050,search_baidu,水煮鱼 菜品,"https://img0.baidu.com/it/u=4123282745,2253631602&fm=253&fmt=auto&app=138&f=JPEG?w=500&h=737",500,737,"米兰川味水煮鱼,麻辣鲜香一锅搞定!"
images/水煮鱼/水煮鱼_008.jpg,6912e7d087c0e69252f6b8cf802486e9,search_baidu,水煮鱼 菜品,"https://img1.baidu.com/it/u=889664127,1774307509&fm=253&fmt=auto&app=138&f=JPEG?w=500&h=648",500,648,🐟 水煮鱼:辣味与鲜美的完美结合 🌶️
images/水煮鱼/水煮鱼_009.jpg,8b6d109a41841036d5bb532214329f5a,search_baidu,水煮鱼 菜品,"https://img1.baidu.com/it/u=423933287,1809196933&fm=253&fmt=auto&app=138&f=JPEG?w=500&h=596",500,596,椒香麻辣的味蕾狂欢:家常版水煮鱼制作全攻略
images/水煮鱼/水煮鱼_010.jpg,591a90e226ea2317f81403c866fd91b0,search_baidu,水煮鱼 菜品,"https://img0.baidu.com/it/u=586977518,1445933635&fm=253&fmt=auto&app=120&f=JPEG?w=750&h=500",750,500,"这道""香辣水煮鱼""让全家都说好!"
images/鱼香茄子/鱼香茄子_001.jpg,b42940b35c0d93afb8f78280bebc022a,search_baidu,鱼香茄子 菜品,"https://img2.baidu.com/it/u=3190613189,2955944097&fm=253&fmt=auto&app=138&f=JPEG?w=562&h=500",562,500,"10分钟!鱼香茄子,超下饭"
images/鱼香茄子/鱼香茄子_002.jpg,63e0f5dfeb25e06b3e93b117a2dafa0f,search_baidu,鱼香茄子 菜品,"https://img1.baidu.com/it/u=112944063,89491850&fm=253&fmt=auto&app=120&f=JPEG?w=800&h=1044",800,1044,"微波炉7分钟搞定鱼香茄子,简单又美味!"
images/鱼香茄子/鱼香茄子_003.jpg,d2efaf80678ccbcb58d7c184e386ada4,search_baidu,鱼香茄子 菜品,"https://img2.baidu.com/it/u=2276457639,2600288922&fm=253&fmt=auto&app=138&f=JPEG?w=500&h=500",500,500,"做鱼香茄子时,先过油就错了,微波炉高火五分钟,少油健康味道正"
images/鱼香茄子/鱼香茄子_004.jpg,5ad4a90f34edeb091908755642955de5,search_baidu,鱼香茄子 菜品,"https://img0.baidu.com/it/u=1552482954,1632732846&fm=253&fmt=auto&app=138&f=JPEG?w=666&h=500",666,500,鱼香茄子:一道跨越地域的经典美食传奇
images/鱼香茄子/鱼香茄子_005.jpg,660892be159a6623c6ef892f2c8b1a39,search_baidu,鱼香茄子 菜品,"https://img1.baidu.com/it/u=3966313693,4086629784&fm=253&fmt=auto&app=138&f=JPEG?w=500&h=525",500,525,"鱼香茄子:一口酸甜辣,把川味灵魂端上自家小桌"
images/鱼香茄子/鱼香茄子_006.jpg,d1f47d92d85614ef3807451f206a1517,search_baidu,鱼香茄子 菜品,"https://img2.baidu.com/it/u=1968528627,3141425004&fm=253&fmt=auto&app=138&f=JPEG?w=500&h=667",500,667,"许多人在家制作鱼香茄子时,常常会选择一开始就将茄子过油"
images/鱼香茄子/鱼香茄子_007.jpg,0ab03d42207b262fd472e3d2b865991f,search_baidu,鱼香茄子 菜品,"https://img0.baidu.com/it/u=3746828460,1192311508&fm=253&fmt=auto&app=120&f=JPEG?w=824&h=800",824,800,🍆🌶️ 鱼香茄子:家庭餐桌上的美味
images/鱼香茄子/鱼香茄子_008.jpg,130e93400521d1b50f63d7ce470ac6e8,search_baidu,鱼香茄子 菜品,"https://img2.baidu.com/it/u=836020777,216520806&fm=253&fmt=auto&app=138&f=JPEG?w=500&h=633",500,633,"🍆🌶️ 家庭版鱼香茄子,简单又美味!"
images/鱼香茄子/鱼香茄子_009.jpg,2460f2235e3f0ef04fb3ed79c09ee7da,search_baidu,鱼香茄子 菜品,"https://img0.baidu.com/it/u=2698700096,1731654300&fm=253&fmt=auto&app=120&f=JPEG?w=500&h=586",500,586,"奶奶做了三十年的鱼香茄子,原来酱汁这样调才最地道,太下饭啦!"
images/鱼香茄子/鱼香茄子_010.jpg,52288c1f6cfb8adfc2404e1097a0f049,search_baidu,鱼香茄子 菜品,"https://img1.baidu.com/it/u=3041949343,454756053&fm=253&fmt=auto&app=138&f=JPEG?w=500&h=889",500,889,鱼香茄子:家常味里的川菜智慧
images/酸辣土豆丝/酸辣土豆丝_001.jpg,e8b83877caa6dced6803e16f4c13a708,search_baidu,酸辣土豆丝 菜品,"https://img1.baidu.com/it/u=2955092146,1577623994&fm=253&fmt=auto&app=120&f=JPEG?w=800&h=911",800,911,酸辣土豆丝:10分钟搞定超下饭美味
images/酸辣土豆丝/酸辣土豆丝_002.jpg,0b207be9b588ad25c62e428d2e01cb38,search_baidu,酸辣土豆丝 菜品,"https://img2.baidu.com/it/u=1095219012,649608772&fm=253&fmt=auto&app=120&f=JPEG?w=800&h=975",800,975,"🥔酸辣土豆丝 | 脆爽开胃,简单易做😋"
images/酸辣土豆丝/酸辣土豆丝_003.jpg,e0ec318e6b49b869fc27c71f31d423bc,search_baidu,酸辣土豆丝 菜品,"https://img0.baidu.com/it/u=1677770586,566899803&fm=253&fmt=auto&app=120&f=JPEG?w=800&h=1041",800,1041,"一盘酸辣土豆丝,开启厨房小白的高光时刻!"
images/酸辣土豆丝/酸辣土豆丝_004.jpg,3dc97f1a3ffd36ba4420f09e31e34426,search_baidu,酸辣土豆丝 菜品,"https://img2.baidu.com/it/u=3110063020,3445460407&fm=253&fmt=auto&app=138&f=JPEG?w=500&h=575",500,575,酸辣土豆丝:简单又美味的川菜经典
images/酸辣土豆丝/酸辣土豆丝_005.jpg,03ec992ad77630c78f3919ed44063465,search_baidu,酸辣土豆丝 菜品,"https://img2.baidu.com/it/u=2355992375,2761573670&fm=253&fmt=auto&app=138&f=JPEG?w=514&h=500",514,500,🥔酸辣土豆丝制作攻略🌶️
images/酸辣土豆丝/酸辣土豆丝_006.jpg,5079e875dee6a230aaff278a6229e8e0,search_baidu,酸辣土豆丝 菜品,"https://img0.baidu.com/it/u=3214794339,2807888125&fm=253&fmt=auto&app=138&f=JPEG?w=500&h=559",500,559,减脂餐不重样挑战day5:酸辣土豆丝
images/酸辣土豆丝/酸辣土豆丝_007.jpg,120a610ffd8fd5ec32cd2e4b95807698,search_baidu,酸辣土豆丝 菜品,"https://img1.baidu.com/it/u=2771525000,1267299150&fm=253&fmt=auto&app=138&f=JPEG?w=500&h=667",500,667,"姐妹们要说下饭,酸辣土豆丝在我心中的位置可谓算得上前几."
images/酸辣土豆丝/酸辣土豆丝_008.jpg,3247c7f2b921d28883ae09e6496b36aa,search_baidu,酸辣土豆丝 菜品,"https://img2.baidu.com/it/u=3747337365,3998674559&fm=253&fmt=auto&app=138&f=JPEG?w=500&h=667",500,667,"酸辣土豆丝是一道好吃的家常菜,香辣下饭."
images/酸辣土豆丝/酸辣土豆丝_009.jpg,468026638c2ac3df1dbae5674ceaf93b,search_baidu,酸辣土豆丝 菜品,"https://img0.baidu.com/it/u=412724834,669422657&fm=253&fmt=auto&app=120&f=JPEG?w=800&h=1044",800,1044,"酸辣土豆丝凉拌法,轻松掉秤的美味!"
images/酸辣土豆丝/酸辣土豆丝_010.jpg,b30275d87b2b2187a23a0ace1ae6169c,search_baidu,酸辣土豆丝 菜品,"https://img0.baidu.com/it/u=2884938806,1846836893&fm=253&fmt=auto&app=138&f=JPEG?w=500&h=631",500,631,图源丨网络  零失败酸辣土豆丝|酸辣过瘾超下饭[饺子][鸡蛋] 今天分享
images/西红柿炒蛋/西红柿炒蛋_001.jpg,a290ed3dbc0b590ac333bc7f0d47d94d,search_baidu,西红柿炒蛋 菜品,"https://img1.baidu.com/it/u=3952857514,141008636&fm=253&fmt=auto&app=120&f=JPEG?w=800&h=1044",800,1044,"番茄炒蛋""咸甜之争""别再吵了!40年老厨点破玄机:放不放糖根本不重要?"
images/西红柿炒蛋/西红柿炒蛋_002.jpg,67121d377ab5df92783ff6d44bcc1e7c,search_baidu,西红柿炒蛋 菜品,"https://img2.baidu.com/it/u=1744236307,2775789751&fm=253&fmt=auto&app=120&f=JPEG?w=800&h=1044",800,1044,"家宴不踩雷攻略,必做这3道:小炒黄牛肉,清炒西兰"
images/西红柿炒蛋/西红柿炒蛋_003.jpg,f030559efe7e0bf84746e8534ee5bdc7,search_baidu,西红柿炒蛋 菜品,"https://img0.baidu.com/it/u=2091792357,2848665902&fm=253&fmt=auto&app=138&f=JPEG?w=672&h=500",672,500,3步搞定!这碗番茄炒蛋连吃一周都不腻
images/西红柿炒蛋/西红柿炒蛋_004.jpg,551c28188b75603943147be0237b6c62,search_baidu,西红柿炒蛋 菜品,"https://img0.baidu.com/it/u=1134181308,2408246812&fm=253&fmt=auto&app=120&f=JPEG?w=800&h=1045",800,1045,"家常美味西红柿炒蛋,酸甜开胃!"
images/西红柿炒蛋/西红柿炒蛋_005.jpg,5df6532fa8be07f4cf03898401dfc926,search_baidu,西红柿炒蛋 菜品,"https://img2.baidu.com/it/u=199991306,2240796208&fm=253&fmt=auto&app=138&f=JPEG?w=500&h=667",500,667,"大家好,今天我要给大家分享一道家常菜——西红柿炒蛋!"
images/西红柿炒蛋/西红柿炒蛋_006.jpg,ded406489ddc980ed213d3928b4f46bd,search_baidu,西红柿炒蛋 菜品,"https://img2.baidu.com/it/u=4030452580,3737013632&fm=253&fmt=auto&app=138&f=JPEG?w=500&h=648",500,648,西红柿炒鸡蛋:品味家的温馨与亲情
images/西红柿炒蛋/西红柿炒蛋_007.jpg,53fd9d3d7f594755c2438acd230d4f7c,search_baidu,西红柿炒蛋 菜品,"https://img2.baidu.com/it/u=2686474376,1412521985&fm=253&fmt=auto&app=120&f=JPEG?w=500&h=667",500,667,"番茄炒蛋,家常食材就做,炒一炒不复杂,酸甜下饭 番茄炒蛋,家常食材就"
images/西红柿炒蛋/西红柿炒蛋_008.jpg,c7416c66382d56f078d6002d36955dfb,search_baidu,西红柿炒蛋 菜品,"https://img2.baidu.com/it/u=4208564397,167817506&fm=253&fmt=auto&app=120&f=JPEG?w=1423&h=800",1423,800,西红柿炒鸡蛋西红柿炒鸡蛋可谓是家喻户晓的家常菜这里推荐给朋友们我
images/西红柿炒蛋/西红柿炒蛋_009.jpg,5f4499967bd6471fc5288f4be32bc0fd,search_baidu,西红柿炒蛋 菜品,"https://img0.baidu.com/it/u=2347516143,1465165401&fm=253&fmt=auto&app=138&f=JPEG?w=500&h=655",500,655,🍅🍳 番茄炒蛋:简单又美味的家常菜!
images/西红柿炒蛋/西红柿炒蛋_010.jpg,39dbaf7ec46d9d81223b8bb237ed9f94,search_baidu,西红柿炒蛋 菜品,"https://img0.baidu.com/it/u=1748147188,2430514719&fm=253&fmt=auto&app=138&f=JPEG?w=500&h=598",500,598,🍅🥚 番茄炒蛋:简单又美味的家常菜 🍳
images/地三鲜/地三鲜_001.jpg,18c155b4f945460139a8cdeb1f1167be,search_baidu,地三鲜 菜品,"https://img0.baidu.com/it/u=2928313852,2907881094&fm=253&fmt=auto&app=120&f=JPEG?w=800&h=1200",800,1200,"茄子吸油像海绵?三招让它清爽不油腻,瘦子也敢大口吃!"
images/地三鲜/地三鲜_002.jpg,f1344be3a04746e2909c0f96145c221e,search_baidu,地三鲜 菜品,"https://img1.baidu.com/it/u=609604022,3781992904&fm=253&fmt=auto&app=120&f=JPEG?w=800&h=1010",800,1010,"东北名菜地三鲜,教你做低油版!鲜香软糯超下饭,配米饭能炫三碗"
images/地三鲜/地三鲜_003.jpg,d23190864c12aed83fcf00ce9dcc83ae,search_baidu,地三鲜 菜品,"https://img2.baidu.com/it/u=2970997569,341587166&fm=253&fmt=auto&app=138&f=JPEG?w=500&h=655",500,655,地三鲜:简单又美味的家常菜
images/地三鲜/地三鲜_004.jpg,8fec0daf6f0665a1eec02a3a165ad564,search_baidu,地三鲜 菜品,"https://img1.baidu.com/it/u=3803203080,2616607346&fm=253&fmt=auto&app=120&f=JPEG?w=800&h=1048",800,1048,地三鲜:茄子土豆青椒的美味碰撞
images/地三鲜/地三鲜_005.jpg,67615a61860774a9f166f72e72e8a9fc,search_baidu,地三鲜 菜品,"https://img1.baidu.com/it/u=3100793353,2741568467&fm=253&fmt=auto&app=138&f=JPEG?w=500&h=658",500,658,"2,地三鲜:土豆,茄子先油炸再烧,一盘热量能顶"
images/地三鲜/地三鲜_006.jpg,72eaf9a57c2a143743869d7a713c56ca,search_baidu,地三鲜 菜品,"https://img1.baidu.com/it/u=843073112,2695808710&fm=253&fmt=auto&app=138&f=JPEG?w=500&h=658",500,658,🍲 地三鲜:东北饭桌上的美味传奇 🌶️
images/地三鲜/地三鲜_007.jpg,768712d1ee012dd679255be27a6c5519,search_baidu,地三鲜 菜品,"https://img2.baidu.com/it/u=3862733763,311910748&fm=253&fmt=auto&app=138&f=JPEG?w=500&h=667",500,667,"这道地三鲜炸得外皮酥脆,裹上咸鲜浓稠的酱汁,一口下去软糯与焦香在"
images/地三鲜/地三鲜_008.jpg,d689ea0b102e7a6ac86d3a20c0c88822,search_baidu,地三鲜 菜品,"https://img2.baidu.com/it/u=4121170041,4254613461&fm=253&fmt=auto&app=120&f=JPEG?w=500&h=667",500,667,"素菜销冠地三鲜,都卖到10块了,自己做更划算!"
images/地三鲜/地三鲜_009.jpg,71181b29237a8e507cc4b01b40f9cfdc,search_baidu,地三鲜 菜品,"https://img1.baidu.com/it/u=1277422023,1852655275&fm=253&fmt=auto&app=138&f=JPEG?w=500&h=653",500,653,"家庭版地三鲜,米饭杀手来袭!"
images/地三鲜/地三鲜_010.jpg,1da1dce794a922efe6f174d542e0c466,search_baidu,地三鲜 菜品,"https://img2.baidu.com/it/u=1536593585,735533281&fm=253&fmt=auto&app=138&f=JPEG?w=514&h=500",514,500,🍆🥔🌶️ 地三鲜的美味秘诀!
images/蚝油生菜/蚝油生菜_001.jpg,9a0a6c09aee6c44028f29cb8caf60451,search_baidu,蚝油生菜 菜品,"https://img1.baidu.com/it/u=1034980274,1020875627&fm=253&fmt=auto&app=138&f=JPEG?w=500&h=667",500,667,"巨简单又好吃的蚝油生菜!||几分钟就能搞定的素菜,这样做出来的生菜翠"
images/蚝油生菜/蚝油生菜_002.jpg,7537817fd0b26943a71756fc3e59f226,search_baidu,蚝油生菜 菜品,"https://img2.baidu.com/it/u=817441954,4033598868&fm=253&fmt=auto&app=138&f=JPEG?w=500&h=631",500,631,图源丨网络  蚝油生菜[比心][比心]|比肉还好吃[饺子][鸡蛋] 超级简单
images/蚝油生菜/蚝油生菜_003.jpg,513917ed06ae69e274ffa35f031b79c9,search_baidu,蚝油生菜 菜品,"https://img1.baidu.com/it/u=3392928157,1577063309&fm=253&fmt=auto&app=138&f=JPEG?w=500&h=654",500,654,🥗减脂神器!五分钟搞定蚝油生菜🥬
images/蚝油生菜/蚝油生菜_004.jpg,a122afd765c48b23bcd1af101d5e2da8,search_baidu,蚝油生菜 菜品,"https://img1.baidu.com/it/u=3745806967,500152067&fm=253&fmt=auto&app=138&f=JPEG?w=500&h=651",500,651,"夏日开胃必备:蚝油生菜,3分钟搞定!"
images/蚝油生菜/蚝油生菜_005.jpg,39165ac6844c651510bad60e6653e8a4,search_baidu,蚝油生菜 菜品,"https://img0.baidu.com/it/u=972883630,2895588784&fm=253&fmt=auto&app=138&f=JPEG?w=500&h=589",500,589,张钊 的想法: 蒜蓉蚝油生菜 吃一次爱一次. | 一定要试试这道蒜蓉蚝油
images/蚝油生菜/蚝油生菜_006.jpg,589d57bd0c86a59ab942ecdd5ea359ed,search_baidu,蚝油生菜 菜品,"https://img0.baidu.com/it/u=897375951,1306799649&fm=253&fmt=auto&app=120&f=JPEG?w=800&h=1044",800,1044,"🥬蚝油生菜,三步轻松搞定!"
images/蚝油生菜/蚝油生菜_007.jpg,56d70d9184a1846e4a78919ffbce04a7,search_baidu,蚝油生菜 菜品,"https://img1.baidu.com/it/u=1877988296,53533594&fm=253&fmt=auto&app=138&f=JPEG?w=500&h=667",500,667,"蚝油生菜!不仅简单易做,还超级减脂!  这个蚝油生菜是我的减脂秘籍之"
images/蚝油生菜/蚝油生菜_008.jpg,564d71bb0d124178d2803e76fbf50da9,search_baidu,蚝油生菜 菜品,"https://img0.baidu.com/it/u=2133860755,3480935492&fm=253&fmt=auto&app=138&f=JPEG?w=500&h=569",500,569,三分钟搞定脆嫩鲜甜的蚝油生菜_酱汁_道菜_叶片
images/蚝油生菜/蚝油生菜_009.jpg,77185b2f37ad8abbd32220f75ffdeff0,search_baidu,蚝油生菜 菜品,"https://img2.baidu.com/it/u=3740035535,1342795663&fm=253&fmt=auto&app=138&f=JPEG?w=514&h=500",514,500,简单易做!低卡美味的蚝油生菜
images/蚝油生菜/蚝油生菜_010.jpg,95fcea88a55275031873f1f6181d03db,search_baidu,蚝油生菜 菜品,"https://img1.baidu.com/it/u=484053330,545989301&fm=253&fmt=auto&app=138&f=JPEG?w=500&h=651",500,651,蚝油生菜:简单又美味的家常菜
images/红烧肉/红烧肉_001.jpg,8fd43cd75f40c793529c41702ffb534d,search_baidu,红烧肉 菜品,"https://img1.baidu.com/it/u=2840205853,558802059&fm=253&fmt=auto&app=138&f=JPEG?w=500&h=667",500,667,红烧肉:浓油赤酱间的千年味觉诗行
images/红烧肉/红烧肉_002.jpg,2522929b151409bba9e67114ac15e2ec,search_baidu,红烧肉 菜品,"https://img0.baidu.com/it/u=480370204,720008936&fm=253&fmt=auto&app=120&f=JPEG?w=800&h=1067",800,1067,"食尚家人 的想法: 家常红烧肉:软烂爆汁不油腻,我家小孩都爱吃 | 保姆"
images/红烧肉/红烧肉_003.jpg,0d2f2d33dbf8e5d4f2d1938bf5e3c93a,search_baidu,红烧肉 菜品,"https://img0.baidu.com/it/u=834409766,4058137715&fm=253&fmt=auto&app=138&f=JPEG?w=500&h=667",500,667,好吃到 红烧肉鹌鹑蛋!肥而不腻!
images/红烧肉/红烧肉_004.jpg,ed8c2326e6c64028805a1901f4b392a1,search_baidu,红烧肉 菜品,"https://img0.baidu.com/it/u=1740858055,2828712732&fm=253&fmt=auto&app=120&f=JPEG?w=800&h=1044",800,1044,"家常红烧肉,简单美味!"
images/红烧肉/红烧肉_005.jpg,e2013974ab9ed5cae691f29a0029217a,search_baidu,红烧肉 菜品,"https://img2.baidu.com/it/u=3590614080,1060608184&fm=253&fmt=auto&app=138&f=JPEG?w=500&h=579",500,579,家庭版红烧肉:简单又美味的下饭菜🍖
images/红烧肉/红烧肉_006.jpg,9e5aaeedd102a005a33a4185c1670701,search_baidu,红烧肉 菜品,"https://img2.baidu.com/it/u=184291155,745298488&fm=253&fmt=auto&app=120&f=JPEG?w=1067&h=800",1067,800,红烧肉太爱了
images/红烧肉/红烧肉_007.jpg,a9925ee29698df8538a7e138d7985175,search_baidu,红烧肉 菜品,"https://img1.baidu.com/it/u=1918466541,2576555343&fm=253&fmt=auto&app=138&f=JPEG?w=500&h=574",500,574,"家常红烧肉:软糯香甜,入口即化,绝绝子!"
images/红烧肉/红烧肉_008.jpg,b493c5b69c676f248f21340eb93407dc,search_baidu,红烧肉 菜品,"https://img2.baidu.com/it/u=1518191629,3308444878&fm=253&fmt=auto&app=138&f=JPEG?w=500&h=667",500,667,"家传秘方,滋味无穷:家庭版红烧肉的制作与传承"
images/红烧肉/红烧肉_009.jpg,4ae502bebe1aba1d2b7345d7d4ccb70a,search_baidu,红烧肉 菜品,"https://img2.baidu.com/it/u=4070913398,563208013&fm=253&fmt=auto&app=138&f=JPEG?w=500&h=653",500,653,"南京东路地铁站旁的美味红烧肉,你尝过吗?"
images/红烧肉/红烧肉_010.jpg,973b4b224e4c7831e49cb2338fe0ca66,search_baidu,红烧肉 菜品,"https://img0.baidu.com/it/u=323324677,4069119366&fm=253&fmt=auto&app=138&f=JPEG?w=515&h=500",515,500,在家自制红烧肉:超越饭店的美味体验
images/糖醋排骨/糖醋排骨_001.jpg,d513b56f0baf5c48ca0b970f335c585b,search_baidu,糖醋排骨 菜品,"https://img2.baidu.com/it/u=2297919758,3777271389&fm=253&fmt=auto&app=120&f=JPEG?w=800&h=1067",800,1067,这个糖醋排骨也太绝了吧!
images/糖醋排骨/糖醋排骨_002.jpg,b48c803cd2176e9d77a28bd06e677f7b,search_baidu,糖醋排骨 菜品,"https://img0.baidu.com/it/u=83325583,583159796&fm=253&fmt=auto&app=120&f=JPEG?w=814&h=800",814,800,🍖 糖醋排骨:简单又美味的家常菜 🍖
images/糖醋排骨/糖醋排骨_003.jpg,4c4de3decf7bf1b69ffd3982b760482b,search_baidu,糖醋排骨 菜品,"https://img1.baidu.com/it/u=570150515,3632371148&fm=253&fmt=auto&app=120&f=JPEG?w=500&h=667",500,667,"年夜饭必备的糖醋排骨,酸甜可口真的巨好吃"
images/糖醋排骨/糖醋排骨_004.jpg,36d5abec4c315a283e445a585943ac35,search_baidu,糖醋排骨 菜品,"https://img1.baidu.com/it/u=531883820,1517033239&fm=253&fmt=auto&app=138&f=JPEG?w=500&h=500",500,500,糖醋排骨:酸甜可口的经典美食 糖醋排骨是一道广受欢迎的经典中式菜肴
images/糖醋排骨/糖醋排骨_005.jpg,de3bdff229792d457c757e1ad182c706,search_baidu,糖醋排骨 菜品,"https://img1.baidu.com/it/u=923180066,781806765&fm=253&fmt=auto&app=138&f=JPEG?w=500&h=632",500,632,在麦玲玲好运菜谱学到的! 好吃到可以舔手指的节节高升糖醋排骨!
images/糖醋排骨/糖醋排骨_006.jpg,a253a830515ffcad5e0969d72d4479f0,search_baidu,糖醋排骨 菜品,"https://img1.baidu.com/it/u=1404404221,1494469637&fm=253&fmt=auto&app=138&f=JPEG?w=500&h=667",500,667,"糖醋排骨是我百吃不厌的一道菜了,可以一个人炫一盘,好吃到舔手指"
images/糖醋排骨/糖醋排骨_007.jpg,6df464d447ff9cc8bdfa7d38dee75c47,search_baidu,糖醋排骨 菜品,"https://img2.baidu.com/it/u=3687899733,3953856816&fm=253&fmt=auto&app=138&f=JPEG?w=500&h=600",500,600,糖醋排骨:在家也能做出餐厅级美味
images/糖醋排骨/糖醋排骨_008.jpg,7a8d3372fcc112dcaf065fa974c7664a,search_baidu,糖醋排骨 菜品,"https://img1.baidu.com/it/u=2468422341,2831940134&fm=253&fmt=auto&app=120&f=JPEG?w=1200&h=800",1200,800,"干饭人日常   (共78字,要点:菜品 心情 生活态度,糖醋排骨糖醋排 "
images/糖醋排骨/糖醋排骨_009.jpg,46625c1385b328cf2700870ac898d4c0,search_baidu,糖醋排骨 菜品,"https://img1.baidu.com/it/u=3222446849,1122610396&fm=253&fmt=auto&app=138&f=JPEG?w=500&h=610",500,610,糖醋排骨:美味的家常菜
images/糖醋排骨/糖醋排骨_010.jpg,25d3e714eecca4e63a80903b6a1c91ec,search_baidu,糖醋排骨 菜品,"https://img0.baidu.com/it/u=2958611144,672256187&fm=253&fmt=auto&app=138&f=JPEG?w=500&h=641",500,641,主打的菜式是——糖醋排骨.
images/梅菜扣肉/梅菜扣肉_001.jpg,c85f07c37ad237c45757f32f59e252f0,search_baidu,梅菜扣肉 菜品,"https://img0.baidu.com/it/u=1590239841,2369636476&fm=253&fmt=auto&app=138&f=JPEG?w=514&h=500",514,500,客家梅菜扣肉:美味下饭菜的秘诀
images/梅菜扣肉/梅菜扣肉_002.jpg,ed931769649311072857eb1835deaea1,search_baidu,梅菜扣肉 菜品,"https://img2.baidu.com/it/u=3875621582,2345800965&fm=253&fmt=auto&app=120&f=JPEG?w=800&h=1067",800,1067,"梅干菜扣肉软糯入口即化  为了找回儿时的味道,我决定自己动手尝试做"
images/梅菜扣肉/梅菜扣肉_003.jpg,ad286f539db4b575862348102ab74317,search_baidu,梅菜扣肉 菜品,"https://img2.baidu.com/it/u=942538939,783214192&fm=253&fmt=auto&app=138&f=JPEG?w=500&h=655",500,655,"家庭版梅菜扣肉,年夜饭新宠!"
images/梅菜扣肉/梅菜扣肉_004.jpg,0ee6f2233afa7d5544c0c72269e876f2,search_baidu,梅菜扣肉 菜品,"https://img0.baidu.com/it/u=1752380794,2099604110&fm=253&fmt=auto&app=138&f=JPEG?w=500&h=500",500,500,梅菜扣肉:咸香酥烂的经典家常硬菜
images/梅菜扣肉/梅菜扣肉_005.jpg,739f5f9b29fd4515a94c188cb29620ac,search_baidu,梅菜扣肉 菜品,"https://img0.baidu.com/it/u=1590632999,227744384&fm=253&fmt=auto&app=138&f=JPEG?w=500&h=531",500,531,🍖敏宝也能享用的美味梅菜扣肉🥢
images/梅菜扣肉/梅菜扣肉_006.jpg,156d52b336dc276035af32fb6beff40d,search_baidu,梅菜扣肉 菜品,"https://img0.baidu.com/it/u=2256622526,1279312712&fm=253&fmt=auto&app=138&f=JPEG?w=500&h=633",500,633,🥢 梅菜扣肉:年夜饭的经典美味 🥢
images/梅菜扣肉/梅菜扣肉_007.jpg,30c6a52b241411711e568a6c01b461ff,search_baidu,梅菜扣肉 菜品,"https://img2.baidu.com/it/u=462186068,453737510&fm=253&fmt=auto&app=120&f=JPEG?w=1200&h=800",1200,800,"「美食菜谱」梅菜扣肉:江南名菜,肥而不腻,是家宴上的必备佳肴!"
images/梅菜扣肉/梅菜扣肉_008.jpg,f85de6a995df98e2f6f4e061bf8cd596,search_baidu,梅菜扣肉 菜品,"https://img2.baidu.com/it/u=1226987965,2380642772&fm=253&fmt=auto&app=120&f=JPEG?w=800&h=1044",800,1044,"梅菜扣肉:传承经典,品味老味道"
images/梅菜扣肉/梅菜扣肉_009.jpg,4282903652ebf3e3b20099cf43fdfe74,search_baidu,梅菜扣肉 菜品,"https://img0.baidu.com/it/u=567580062,1576802136&fm=253&fmt=auto&app=120&f=JPEG?w=1280&h=800",1280,800,梅菜扣肉:家香四溢的味蕾盛宴
images/梅菜扣肉/梅菜扣肉_010.jpg,eb0b3e2b7767ba5730331a488f8e1231,search_baidu,梅菜扣肉 菜品,"https://img2.baidu.com/it/u=4284172880,4079645320&fm=253&fmt=auto&app=120&f=JPEG?w=800&h=1067",800,1067,梅菜扣肉入味有绝招只需这一步肥而不腻比酒席的还好吃
images/京酱肉丝/京酱肉丝_001.jpg,d905c3a6b448d9463b25bc61c0950d3f,search_baidu,京酱肉丝 菜品,"https://img1.baidu.com/it/u=209777398,2174985723&fm=253&fmt=auto&app=138&f=JPEG?w=507&h=500",507,500,家常京酱肉丝的完美攻略
images/京酱肉丝/京酱肉丝_002.jpg,2ea78cd1365f800e79d44e554804a32d,search_baidu,京酱肉丝 菜品,"https://img1.baidu.com/it/u=572491834,2223500683&fm=253&fmt=auto&app=138&f=JPEG?w=908&h=500",908,500,京酱肉丝:北京紫禁城外的美味传奇
images/京酱肉丝/京酱肉丝_003.jpg,5bf44cbc5ced46837e44d0df8b30f0d5,search_baidu,京酱肉丝 菜品,"https://img2.baidu.com/it/u=3867473484,803077653&fm=253&fmt=auto&app=138&f=JPEG?w=500&h=667",500,667,"在家做的京酱肉丝,跟饭店比一点不差,味道绝美!"
images/京酱肉丝/京酱肉丝_004.jpg,381f573c163bcb9552e88fc962eddbac,search_baidu,京酱肉丝 菜品,"https://img2.baidu.com/it/u=3837523366,2049549472&fm=253&fmt=auto&app=120&f=JPEG?w=500&h=889",500,889,"马上就要过年了,您一定要学会这道京酱肉丝.酱香浓郁简单又好吃"
images/京酱肉丝/京酱肉丝_005.jpg,874ed03e1872b7d1701cea6e9406d05b,search_baidu,京酱肉丝 菜品,"https://img1.baidu.com/it/u=3910638356,1197781343&fm=253&fmt=auto&app=138&f=JPEG?w=500&h=644",500,644,京酱肉丝:年夜饭必备的美味佳肴
images/京酱肉丝/京酱肉丝_006.jpg,c78b5042da6f10d7ec775e2ef22bc707,search_baidu,京酱肉丝 菜品,"https://img2.baidu.com/it/u=1801679397,3226409680&fm=253&fmt=auto&app=138&f=JPEG?w=500&h=650",500,650,京酱肉丝:简单又美味的下饭菜
images/京酱肉丝/京酱肉丝_007.jpg,b6f7fef0a61ff6467362650f257aab26,search_baidu,京酱肉丝 菜品,"https://img0.baidu.com/it/u=676898634,398313901&fm=253&fmt=auto&app=138&f=JPEG?w=550&h=500",550,500,"京酱肉丝营养又爽滑,星期天美食的分享"
images/京酱肉丝/京酱肉丝_008.jpg,a97727032996fd6526c1ca45906ff508,search_baidu,京酱肉丝 菜品,"https://img1.baidu.com/it/u=4195557802,562273287&fm=253&fmt=auto&app=120&f=JPEG?w=800&h=1067",800,1067,"京酱肉丝,酱肉丝味道简直了,咬起来"
images/京酱肉丝/京酱肉丝_009.jpg,940f039ad313abb0643dccbe669f6678,search_baidu,京酱肉丝 菜品,"https://img2.baidu.com/it/u=4227908727,4161041695&fm=253&fmt=auto&app=138&f=JPEG?w=500&h=675",500,675,"在家做京酱肉丝,鲜嫩滑爽的秘诀全在这儿"
images/京酱肉丝/京酱肉丝_010.jpg,5708f4803fb41c24bedc24515ff77fe4,search_baidu,京酱肉丝 菜品,"https://img0.baidu.com/it/u=2973859753,745345605&fm=253&fmt=auto&app=138&f=JPEG?w=500&h=889",500,889,京酱肉丝 年夜饭第五道菜京酱肉丝 酱香浓郁大小朋友都爱吃 年夜饭 京
images/饺子/饺子_001.jpg,8c8c9cebcf16c9eb76897b30034a8a2a,search_baidu,饺子 菜品,"https://img1.baidu.com/it/u=1359654011,1838608184&fm=253&fmt=auto&app=138&f=JPEG?w=500&h=594",500,594,图片真实春节吃团圆饭在家中午饭吃饺子新年菜品河南粗菜淡饭有饺子吗
images/饺子/饺子_002.jpg,a67c8f8dc3c89342666a914f136f7dcb,search_baidu,饺子 菜品,"https://img2.baidu.com/it/u=2401999999,1139778286&fm=253&fmt=auto&app=138&f=JPEG?w=500&h=667",500,667,"家常芥菜饺子,鲜香多汁不涩口,简单几步就搞定"
images/饺子/饺子_003.jpg,dce573ffa73848c7c6eddb82f2664ad3,search_baidu,饺子 菜品,"https://img0.baidu.com/it/u=1835462661,1792103335&fm=253&fmt=auto&app=138&f=JPEG?w=500&h=667",500,667,好吃的菜饺子
images/饺子/饺子_004.jpg,e5e2885109707e520066c4d015b5967f,search_baidu,饺子 菜品,"https://img0.baidu.com/it/u=3914638707,1864363652&fm=253&fmt=auto&app=138&f=JPEG?w=500&h=666",500,666,啊啊啊❗巨开胃的酸辣饺子🥟神仙吃法get
images/饺子/饺子_005.jpg,332b1cf7ea59bf6ec5ba3f4ae28f0827,search_baidu,饺子 菜品,"https://img1.baidu.com/it/u=355956522,3920859105&fm=253&fmt=auto&app=138&f=JPEG?w=500&h=652",500,652,同事突然想吃饺子?那就去东北菜饺子馆吧!
images/饺子/饺子_006.jpg,344bffb5794493f95a125e0342ebade9,search_baidu,饺子 菜品,"https://img2.baidu.com/it/u=3656410586,2319253494&fm=253&fmt=auto&app=138&f=JPEG?w=667&h=500",667,500,品尝美味饺子时光
images/饺子/饺子_007.jpg,ceb598318f5cae1f82417b9f6d43a25c,search_baidu,饺子 菜品,"https://img1.baidu.com/it/u=4211398792,3086573955&fm=253&fmt=auto&app=138&f=JPEG?w=500&h=666",500,666,超开胃的酸辣饺子🤤只需一份酱就能搞定🤗
images/饺子/饺子_008.jpg,2be4ad6d2476dfaca3b81ac7018abeaf,search_baidu,饺子 菜品,"https://img1.baidu.com/it/u=2224282980,1116035020&fm=253&fmt=auto&app=120&f=JPEG?w=1140&h=760",1140,760,本文将为你详细介绍荠荠菜饺子的营养成分和食用注意事
images/饺子/饺子_009.jpg,390f7419ba96320f4f2e8c3be68e8577,search_baidu,饺子 菜品,"https://img2.baidu.com/it/u=609835371,2782070397&fm=253&fmt=auto&app=138&f=JPEG?w=827&h=500",827,500,冬日餐桌上的美味:面条菜饺子的魅力与技巧
images/饺子/饺子_010.jpg,69dc21229c6dffbe667f7334e85e4ebf,search_baidu,饺子 菜品,"https://img1.baidu.com/it/u=832068272,2865646010&fm=253&fmt=auto&app=138&f=PNG?w=500&h=648",500,648,"香辣拌饺子,简单又美味的家常菜"
images/包子/包子_001.jpg,6844243167dea91c59c21184191eb4c2,search_baidu,包子 菜品,"https://img0.baidu.com/it/u=220871952,414894756&fm=253&fmt=auto&app=120&f=JPEG?w=800&h=1067",800,1067,"秋季多吃这3种菜,润燥强免疫,调馅做成包子太香了,鲜嫩多汁,营养丰富"
images/包子/包子_002.jpg,3735ee0ad0a3483e314bb0e3bc3dff24,search_baidu,包子 菜品,"https://img1.baidu.com/it/u=3816552153,3582475454&fm=253&fmt=auto&app=120&f=JPEG?w=800&h=1058",800,1058,"家里有吃不了的青菜就蒸一锅包子吧,面皮松软青菜翠绿不发黄"
images/包子/包子_003.jpg,f5868a3af97a9d11a74697bcdc0c512c,search_baidu,包子 菜品,"https://img1.baidu.com/it/u=2318481426,3142762312&fm=253&fmt=auto&app=138&f=JPEG?w=500&h=889",500,889,🥟美味菜包子的蒸制秘诀🔥
images/包子/包子_004.jpg,2b186482689f7ad84319621b826f9af1,search_baidu,包子 菜品,"https://img0.baidu.com/it/u=3210855389,3927718169&fm=253&fmt=auto&app=120&f=JPEG?w=1280&h=800",1280,800,"青菜包子怎样翠绿不变色?牢记这3点,包子松软翠绿,好看又好吃"
images/包子/包子_005.jpg,a2a63ff109eeb4c4482eb968deebf370,search_baidu,包子 菜品,"https://img1.baidu.com/it/u=1892138738,2241496608&fm=253&fmt=auto&app=138&f=JPEG?w=500&h=654",500,654,小台北探秘:菜肉大包子
images/包子/包子_006.jpg,33914761aa4a16ea342caabdf02d93ea,search_baidu,包子 菜品,"https://img0.baidu.com/it/u=2674559577,2664880716&fm=253&fmt=auto&app=138&f=JPEG?w=500&h=500",500,500," p data-id=""gnytynweo4""> 菜包子是以蔬菜,面粉为主料制作的菜品,是"
images/包子/包子_007.jpg,f3a746dabd989b5c3a31e93b06482130,search_baidu,包子 菜品,"https://img1.baidu.com/it/u=883778795,3464800365&fm=253&fmt=auto&app=138&f=JPEG?w=446&h=342",446,342,菜包  包子 美食
images/包子/包子_008.jpg,a3cb819881fee978fa5ca206e7a58ca1,search_baidu,包子 菜品,"https://img1.baidu.com/it/u=936478096,3131797897&fm=253&fmt=auto&app=138&f=JPEG?w=500&h=578",500,578,"儿子去朋友家做了一次客回来,就嚷嚷着要吃包子."
images/包子/包子_009.jpg,7e9b644dacf8fbf71b08f15859f243e0,search_baidu,包子 菜品,"https://img2.baidu.com/it/u=4211872524,2606408359&fm=253&fmt=auto&app=120&f=JPEG?w=667&h=500",667,500,来个应季菜的包子
images/包子/包子_010.jpg,54eb2f106f6aacbaba01a56dc38b1950,search_baidu,包子 菜品,"https://img0.baidu.com/it/u=2200809049,1377958271&fm=253&fmt=auto&app=138&f=JPEG?w=721&h=500",721,500,"秋天包包子,萝卜韭菜靠边站!试试这菜,鲜香味美"
images/扬州炒饭/扬州炒饭_001.jpg,f5849130c440738dad988b0ce002e334,search_baidu,扬州炒饭 菜品,"https://img2.baidu.com/it/u=2938309341,1904975374&fm=253&fmt=auto&app=120&f=JPEG?w=800&h=1044",800,1044,扬州炒饭:米饭的新花样!
images/扬州炒饭/扬州炒饭_002.jpg,fdd33a1ec895fcb81d014918d1e8550a,search_baidu,扬州炒饭 菜品,"https://img0.baidu.com/it/u=1292629119,1225886444&fm=253&fmt=auto&app=120&f=JPEG?w=800&h=984",800,984,"苏菜就只是甜?国宴常客淮扬菜的""平衡艺术""被误解了多少年?"
images/扬州炒饭/扬州炒饭_003.jpg,235a03f8b42d2d1e97a45aae18f617ca,search_baidu,扬州炒饭 菜品,"https://img2.baidu.com/it/u=964022585,1216080460&fm=253&fmt=auto&app=138&f=JPEG?w=779&h=500",779,500,扬州炒饭:碳水爱好者的终极梦想!
images/扬州炒饭/扬州炒饭_004.jpg,cfeb60450cdac1c21c8a0b421b5f4e7f,search_baidu,扬州炒饭 菜品,"https://img1.baidu.com/it/u=369806800,4077005172&fm=253&fmt=auto&app=120&f=JPEG?w=800&h=1067",800,1067,"扬州炒饭是一道经典的中式美食,色香味俱全,制作简单."
images/扬州炒饭/扬州炒饭_005.jpg,c29235ccc98094d0c8157c4fbc903fb5,search_baidu,扬州炒饭 菜品,"https://img1.baidu.com/it/u=2039404859,2014771552&fm=253&fmt=auto&app=138&f=JPEG?w=500&h=667",500,667,金粒珍馐:扬州炒饭的文化食笺
images/扬州炒饭/扬州炒饭_006.jpg,ba7fbd7f5cb5d2a1e236107febbd6708,search_baidu,扬州炒饭 菜品,"https://img2.baidu.com/it/u=1059811174,601762515&fm=253&fmt=auto&app=120&f=JPEG?w=947&h=800",947,800,"奔赴扬州之旅,这10大特产必收入行囊!本地特色,自留送人有排面"
images/扬州炒饭/扬州炒饭_007.jpg,7f601a748b6110294e26419442b4fc3e,search_baidu,扬州炒饭 菜品,"https://img1.baidu.com/it/u=15817433,1028879365&fm=253&fmt=auto&app=138&f=JPEG?w=500&h=652",500,652,"扬州炒饭🍳,简单美味!"
images/扬州炒饭/扬州炒饭_008.jpg,b394f70e374ebd59be26dd4723dd5225,search_baidu,扬州炒饭 菜品,"https://img2.baidu.com/it/u=4141071386,3179900553&fm=253&fmt=auto&app=120&f=JPEG?w=500&h=510",500,510,"淮扬菜经典""扬州炒饭"":普通食材的精工细作"
images/扬州炒饭/扬州炒饭_009.jpg,c73bcaf6e02f6b09ec38f464b7330743,search_baidu,扬州炒饭 菜品,"https://img2.baidu.com/it/u=3790977798,2889967512&fm=253&fmt=auto&app=138&f=JPEG?w=500&h=749",500,749,扬州炒饭:舌尖上的经典与传承 扬州炒饭:舌尖上的经典与传承
images/扬州炒饭/扬州炒饭_010.jpg,166bb117fca71142accc594cb959b48d,search_baidu,扬州炒饭 菜品,"https://img2.baidu.com/it/u=2770464019,714816240&fm=253&fmt=auto&app=138&f=JPEG?w=500&h=863",500,863,静翕jx 的想法: 🍚非遗美食之扬州炒饭 | 扬州炒饭又名扬州蛋炒饭
images/炸酱面/炸酱面_001.jpg,dcbd53907e1fd98fde0ac93198a89512,search_baidu,炸酱面 菜品,"https://img1.baidu.com/it/u=1432344366,4104847441&fm=253&fmt=auto&app=120&f=JPEG?w=800&h=800",800,800,"10大国民名面,到底养胃还是伤胃?3大健康迷思一次说清"
images/炸酱面/炸酱面_002.jpg,c2ec0395ee7d7b89bf3be5a41904f00c,search_baidu,炸酱面 菜品,"https://img2.baidu.com/it/u=1576381832,1538763267&fm=253&fmt=auto&app=138&f=JPEG?w=500&h=667",500,667,"答应我,一定要试试这个炸酱面!一口就爱上"
images/炸酱面/炸酱面_003.jpg,ae348bf5c9f346ee0431ccf1f5b5aea7,search_baidu,炸酱面 菜品,"https://img2.baidu.com/it/u=647632323,2361703645&fm=253&fmt=auto&app=120&f=JPEG?w=800&h=800",800,800,"北京炸酱面哪个牌子的最正宗?这3款闭眼入,劲道爽口,满嘴酱香"
images/炸酱面/炸酱面_004.jpg,f90fc2c6da28ccf9fe18821bc10eb3f1,search_baidu,炸酱面 菜品,"https://img0.baidu.com/it/u=2128806530,3615238115&fm=253&fmt=auto&app=138&f=JPEG?w=500&h=744",500,744,"炸酱面自由🍜酱香浓郁,一口入魂!"
images/炸酱面/炸酱面_005.jpg,fe9c33220a1824da77fba84cd2fc6594,search_baidu,炸酱面 菜品,"https://img1.baidu.com/it/u=3448767232,1901065543&fm=253&fmt=auto&app=120&f=JPEG?w=829&h=800",829,800,"全网首曝!立夏餐桌上的南北""暗战"":北方硬核vs江南精致,谁更懂夏天?"
images/炸酱面/炸酱面_006.jpg,4ee63c65a88a5f88ea4ba5fdcd8f45bf,search_baidu,炸酱面 菜品,"https://img2.baidu.com/it/u=2095068786,1463689906&fm=253&fmt=auto&app=120&f=JPEG?w=1422&h=800",1422,800,"手把手教你制作传统炸酱面,享受浓郁酱香与筋道口感"
images/炸酱面/炸酱面_007.jpg,dd6a08dff5d09fb22e760cdc23a45f44,search_baidu,炸酱面 菜品,"https://img1.baidu.com/it/u=3257085861,1562793536&fm=253&fmt=auto&app=138&f=JPEG?w=745&h=500",745,500,王庆超:北京炸酱面的菜码不宜拌入面里吃!
images/炸酱面/炸酱面_008.jpg,39efb97fc7e4fa92cf62bc78769f7781,search_baidu,炸酱面 菜品,"https://img0.baidu.com/it/u=3757069985,3287439210&fm=253&fmt=auto&app=138&f=JPEG?w=500&h=640",500,640,"上海炸酱面推荐:韩式风味,正宗美味!"
images/炸酱面/炸酱面_009.jpg,ca06a7b9ee1d6ee9c8378e9190e5e0b4,search_baidu,炸酱面 菜品,"https://img1.baidu.com/it/u=2087630942,4163347033&fm=253&fmt=auto&app=138&f=JPEG?w=500&h=600",500,600,四种不同风味的炸酱面在家轻松做
images/炸酱面/炸酱面_010.jpg,d9c9d27ec723a8c8dc2b7e4bd500fef1,search_baidu,炸酱面 菜品,"https://img0.baidu.com/it/u=3748801746,411604802&fm=253&fmt=auto&app=138&f=JPEG?w=500&h=667",500,667,是谁都想吃一碗的秘制炸酱面
images/葱爆羊肉/葱爆羊肉_001.jpg,87915c54165339fface3c30a72fc7665,search_baidu,葱爆羊肉 菜品,"https://img0.baidu.com/it/u=2648277667,2971882601&fm=253&fmt=auto&app=138&f=JPEG?w=500&h=654",500,654,"买羊肉回家,跟我学做葱爆羊肉,味道鲜美,口感嫩滑,不膻不干,超级好吃!"
images/葱爆羊肉/葱爆羊肉_002.jpg,f4f4a0eb833d7936db6963600110e5cc,search_baidu,葱爆羊肉 菜品,"https://img1.baidu.com/it/u=904498446,1762027960&fm=253&fmt=auto&app=138&f=JPEG?w=500&h=667",500,667,葱爆羊肉卷  ▏🥩冬天就要这样吃
images/葱爆羊肉/葱爆羊肉_003.jpg,04a62922591b0b44e13e4a6e2c675829,search_baidu,葱爆羊肉 菜品,"https://img2.baidu.com/it/u=3780275708,394001816&fm=253&fmt=auto&app=120&f=PNG?w=800&h=1050",800,1050,"家庭版葱爆羊肉,超简单!"
images/葱爆羊肉/葱爆羊肉_004.jpg,0d9bd5906ac00fe48425dcd38f5cbc09,search_baidu,葱爆羊肉 菜品,"https://img0.baidu.com/it/u=2080354748,1617521703&fm=253&fmt=auto&app=138&f=JPEG?w=768&h=500",768,500,"夏天吃羊肉,试试这道葱爆羊肉!"
images/葱爆羊肉/葱爆羊肉_005.jpg,d8767db833682caf51760497005ce47f,search_baidu,葱爆羊肉 菜品,"https://img0.baidu.com/it/u=2618402966,1560236291&fm=253&fmt=auto&app=138&f=JPEG?w=778&h=500",778,500,探秘老北京葱爆羊肉:选材与火候的完美结合
images/葱爆羊肉/葱爆羊肉_006.jpg,8d753dc7ffc9a9b87b0c18c9efea8d2b,search_baidu,葱爆羊肉 菜品,"https://img2.baidu.com/it/u=893668450,4111216665&fm=253&fmt=auto&app=120&f=JPEG?w=1262&h=800",1262,800,"解锁大葱美味秘籍:葱爆羊肉,大葱炒鸡蛋,大葱蘸酱"
images/葱爆羊肉/葱爆羊肉_007.jpg,5497368c299b0ac15e190a87534cdc1e,search_baidu,葱爆羊肉 菜品,"https://img1.baidu.com/it/u=3308434601,328775188&fm=253&fmt=auto&app=138&f=JPEG?w=500&h=656",500,656,"学会这道葱爆羊肉,简单易做又超级下饭"
images/葱爆羊肉/葱爆羊肉_008.jpg,e339ab6608a791318e59bf83f669021c,search_baidu,葱爆羊肉 菜品,"https://img1.baidu.com/it/u=780007134,3071145742&fm=253&fmt=auto&app=138&f=JPEG?w=500&h=667",500,667,"清真名菜葱爆羊肉手把手教学!看着简单,做起来都是门道!"
images/葱爆羊肉/葱爆羊肉_009.jpg,a1f2167acf30f51c71d63bebaba63ab3,search_baidu,葱爆羊肉 菜品,"https://img0.baidu.com/it/u=373410586,3481270879&fm=253&fmt=auto&app=120&f=JPEG?w=1008&h=650",1008,650,"老北京葱爆羊肉:香气四溢,口感嫩滑的京味菜肴!"
images/葱爆羊肉/葱爆羊肉_010.jpg,854c9538da26477eee157f4e95ed7712,search_baidu,葱爆羊肉 菜品,"https://img2.baidu.com/it/u=2142167684,789696042&fm=253&fmt=auto&app=138&f=JPEG?w=500&h=889",500,889,葱爆羊肉这么简单你学会了吗!记得收藏哦!
images/香辣小龙虾/香辣小龙虾_001.jpg,b9f200a6602764561040ad5ce6754328,search_baidu,香辣小龙虾 菜品,"https://img0.baidu.com/it/u=1215968861,1787492692&fm=253&fmt=auto&app=138&f=JPEG?w=500&h=656",500,656,"🌶️麻辣小龙虾,简单易做,美味无比🍤"
images/香辣小龙虾/香辣小龙虾_002.jpg,870e32799cd6e55880eb9f9d1229d691,search_baidu,香辣小龙虾 菜品,"https://img1.baidu.com/it/u=1444452683,3271468978&fm=253&fmt=auto&app=138&f=JPEG?w=500&h=667",500,667,"0 【推荐菜品】 小龙虾买二送一,真系抵到烂啦!"
images/香辣小龙虾/香辣小龙虾_003.jpg,da0e997289255fb94897a3c270e70700,search_baidu,香辣小龙虾 菜品,"https://img2.baidu.com/it/u=3782380651,3235341254&fm=253&fmt=auto&app=138&f=JPEG?w=515&h=500",515,500,🦞香辣小龙虾制作指南🌶️
images/香辣小龙虾/香辣小龙虾_004.jpg,2aa849130fa31634d60ec2c76ff073b7,search_baidu,香辣小龙虾 菜品,"https://img0.baidu.com/it/u=2140246093,2231377877&fm=253&fmt=auto&app=138&f=JPEG?w=800&h=1067",800,1067,新鲜出炉的小龙虾#香辣龙虾 #湖南特色菜 #中汀汇湘当火餐厅 - 抖音
images/香辣小龙虾/香辣小龙虾_005.jpg,aef3ec36d11c6d04ca0ec3ec417448b5,search_baidu,香辣小龙虾 菜品,"https://img2.baidu.com/it/u=2491530905,531765357&fm=253&fmt=auto&app=120&f=JPEG?w=800&h=800",800,800,香辣小龙虾(儿童友好版)  【营养小贴士】 这道菜富含优质蛋白和微量
images/香辣小龙虾/香辣小龙虾_006.jpg,bb20195a16717099a9ade4d020f9706f,search_baidu,香辣小龙虾 菜品,"https://img2.baidu.com/it/u=3031984134,844124223&fm=253&fmt=auto&app=138&f=JPEG?w=500&h=594",500,594,绝味香辣小龙虾:在家也能享受舌尖上的美味
images/香辣小龙虾/香辣小龙虾_007.jpg,b51002db824663d04b46212eeb5545ed,search_baidu,香辣小龙虾 菜品,"https://img1.baidu.com/it/u=2849326634,3675958567&fm=253&fmt=auto&app=138&f=JPEG?w=500&h=667",500,667,"【推荐菜品】 首先这个小奕招牌顶级龙虾,哎呀妈呀,太好吃啦!鸭舌 "
images/香辣小龙虾/香辣小龙虾_008.jpg,b261de0e7aa88579750fd36914624078,search_baidu,香辣小龙虾 菜品,"https://img0.baidu.com/it/u=225031786,390297069&fm=253&fmt=auto&app=138&f=JPEG?w=500&h=667",500,667,春日去玩吧#香辣小龙虾 #五一我要这样过 #一日三餐人间烟火简单而
images/香辣小龙虾/香辣小龙虾_009.jpg,3181aff5de5a095a8262e71bb5c025bc,search_baidu,香辣小龙虾 菜品,"https://img1.baidu.com/it/u=4249302833,2610569474&fm=253&fmt=auto&app=138&f=JPEG?w=514&h=500",514,500,"蒜香小龙虾:麻辣鲜香,一吃难忘"
images/香辣小龙虾/香辣小龙虾_010.jpg,f2fc80c0c735a40c0154032c3d6807ff,search_baidu,香辣小龙虾 菜品,"https://img1.baidu.com/it/u=2636254835,487623996&fm=253&fmt=auto&app=120&f=JPEG?w=823&h=800",823,800,"在家也能享受美味佳肴:香辣龙虾尾,清炒黄瓜花与干煸黄花菜"
images/家常豆腐/家常豆腐_001.jpg,2fd8b7f0e4c187ffb9a23c9a6a3b16dc,search_baidu,家常豆腐 菜品,"https://img1.baidu.com/it/u=3885006428,233271883&fm=253&fmt=auto&app=138&f=JPEG?w=517&h=500",517,500,美味的家常豆腐
images/家常豆腐/家常豆腐_002.jpg,e510276cb41d366473ba7a5cf3b188c3,search_baidu,家常豆腐 菜品,"https://img1.baidu.com/it/u=42907433,2684818744&fm=253&fmt=auto&app=138&f=JPEG?w=500&h=667",500,667,"肉末烧豆腐:普通食材的逆袭,把家常菜玩出花!"
images/家常豆腐/家常豆腐_003.jpg,a196fbaa9d999b7aa57cad7b8dfbb9b4,search_baidu,家常豆腐 菜品,"https://img0.baidu.com/it/u=946083835,2696589889&fm=253&fmt=auto&app=120&f=JPEG?w=800&h=1067",800,1067,"家常烧豆腐,外皮微焦里嫩,每一块都裹满了浓郁的酱汁太好吃啦  #动态"
images/家常豆腐/家常豆腐_004.jpg,96a6688bd3d36518b5b94c3bbfb66746,search_baidu,家常豆腐 菜品,"https://img0.baidu.com/it/u=3956852699,1768154636&fm=253&fmt=auto&app=138&f=JPEG?w=500&h=667",500,667,家常不简单:一锅红烧豆腐配青菜的温暖烟火气
images/家常豆腐/家常豆腐_005.jpg,1e177f3b040e3324347264798bc9bc05,search_baidu,家常豆腐 菜品,"https://img1.baidu.com/it/u=2927371211,1517361781&fm=253&fmt=auto&app=138&f=JPEG?w=500&h=666",500,666,"下饭的家常菜,非豆腐莫属 上周复刻了儿时味道猪肝 这周来道家常豆腐"
images/家常豆腐/家常豆腐_006.jpg,2e2b7bd6d72d1a3c73ca34eb7a216f33,search_baidu,家常豆腐 菜品,"https://img2.baidu.com/it/u=436571927,2828091420&fm=253&fmt=auto&app=138&f=JPEG?w=500&h=667",500,667,"吃豆腐新花样:11道豆腐家常菜,补钙还能防骨质疏松"
images/家常豆腐/家常豆腐_007.jpg,01c78c6447254a8064a40449d8ac34eb,search_baidu,家常豆腐 菜品,"https://img2.baidu.com/it/u=2944750737,2650816865&fm=253&fmt=auto&app=138&f=JPEG?w=500&h=651",500,651,"🍲 美味麻辣豆腐,简单易学的家常菜 🍲"
images/家常豆腐/家常豆腐_008.jpg,db21c70418fb111e640061754aaed036,search_baidu,家常豆腐 菜品,"https://img1.baidu.com/it/u=3591478156,209512354&fm=253&fmt=auto&app=120&f=JPEG?w=800&h=1067",800,1067,酱汁_家常豆腐_清水
images/家常豆腐/家常豆腐_009.jpg,fcab88b53492f60f8e418a9ca808b699,search_baidu,家常豆腐 菜品,"https://img0.baidu.com/it/u=3193422002,1035840003&fm=253&fmt=auto&app=138&f=JPEG?w=500&h=667",500,667,"五一假期第二天,我家还是吃的很简单,葱头牛肉,凉拌荠菜,家常豆腐"
images/家常豆腐/家常豆腐_010.jpg,beb3623eff8b9a89371b67ad15fc682f,search_baidu,家常豆腐 菜品,"https://img0.baidu.com/it/u=606785637,1669717053&fm=253&fmt=auto&app=138&f=JPEG?w=500&h=667",500,667,"简单又美味的家常菜,白菜烧豆腐!  #金秋养生季"
images/薯条/薯条_001.jpg,5d4ba8cfb3d3b41a0599b1bf04f54fa2,search_baidu,薯条 菜品,http://copyright.bdstatic.com/vcg/creative/e354695016106b172f127329fdcbc8267439cea7.jpg,900,1200,"香酥炸薯条是一道兼具美味与营养的下午茶点心,土豆中含有丰富的膳食"
images/薯条/薯条_002.jpg,cfdc7b8d43121f03ddbf733b165b207d,search_baidu,薯条 菜品,"https://img1.baidu.com/it/u=2143409342,3850046437&fm=253&fmt=auto&app=120&f=JPEG?w=500&h=668",500,668,"教你一招,薯条酥脆,凉了不软"
images/薯条/薯条_003.jpg,c643dd2060e44aaf270cf5a543448f7b,search_baidu,薯条 菜品,"https://img2.baidu.com/it/u=366028494,1851114122&fm=253&fmt=auto&app=120&f=JPEG?w=800&h=1012",800,1012,"美食君教你如何炸出脆而不软的半成品薯条,让你成为薯条界的霸主"
images/薯条/薯条_004.jpg,9f4f802c316f785db59a853ed0035025,search_baidu,薯条 菜品,"https://img1.baidu.com/it/u=3601016451,2673047381&fm=253&fmt=auto&app=138&f=JPEG?w=500&h=667",500,667,"空气炸锅版薯条!冷冻薯条   盐,8 分钟香脆解馋"
images/薯条/薯条_005.jpg,c3bbd9facb07f657ced05e72b96c8036,search_baidu,薯条 菜品,"https://img0.baidu.com/it/u=1683970533,2158694365&fm=253&fmt=auto&app=138&f=JPEG?w=500&h=667",500,667,好吃到 鸡翅薯条拼盘!金黄酥脆!泰泰泰好吃了!
images/薯条/薯条_006.jpg,96891561e58db0d585da966cc3a50ef6,search_baidu,薯条 菜品,"https://img0.baidu.com/it/u=4236299763,607601519&fm=253&fmt=auto&app=120&f=JPEG?w=800&h=1422",800,1422,"薯条壁纸,美味呈现🍟📱"
images/薯条/薯条_007.jpg,35e2f7532ac0b947c524d5f0447a0921,search_baidu,薯条 菜品,"https://img2.baidu.com/it/u=3347499105,4028776667&fm=253&fmt=auto&app=138&f=JPEG?w=500&h=750",500,750,一辈子都吃不腻的肉酱芝士薯条!给我好吃迷糊了!
images/薯条/薯条_008.jpg,1f83fba87071a2df4e85039bf517a76b,search_baidu,薯条 菜品,"https://img0.baidu.com/it/u=4177403929,4094298213&fm=253&fmt=auto&app=138&f=JPEG?w=500&h=685",500,685,"减脂期想瘦得快,选对食物是关键."
images/薯条/薯条_009.jpg,f180f27bc8adf1184586b5acb73a5467,search_baidu,薯条 菜品,"https://img0.baidu.com/it/u=1418944633,2966533586&fm=253&fmt=auto&app=120&f=JPEG?w=500&h=664",500,664,美味西餐快餐休闲小吃炸薯条摄影图_千图网
images/薯条/薯条_010.jpg,4813d5a3a95d3decd2c5d0f1a44ba401,search_baidu,薯条 菜品,"https://img2.baidu.com/it/u=1478449814,2007166596&fm=253&fmt=auto&app=120&f=JPEG?w=500&h=667",500,667,"孩子爱吃的黄金炸薯条,简单 2 步,在家就能做,外脆里糯"
images/蚝油西兰花/蚝油西兰花_001.jpg,be980ba12ce55acbcd0187b2ea795570,search_baidu,蚝油西兰花 菜品,"https://img2.baidu.com/it/u=1156771508,2407820014&fm=253&fmt=auto&app=120&f=JPEG?w=800&h=1044",800,1044,蚝油蒜蓉西兰花:简单又美味的家常素菜
images/蚝油西兰花/蚝油西兰花_002.jpg,1ae3331fd5d73674fa691bae92d024e6,search_baidu,蚝油西兰花 菜品,"https://img2.baidu.com/it/u=4100787773,897546992&fm=253&fmt=auto&app=138&f=JPEG?w=500&h=650",500,650,蚝油西兰花:简单又美味的低卡餐点
images/蚝油西兰花/蚝油西兰花_003.jpg,3e2bf8c845124be95825c34651a29277,search_baidu,蚝油西兰花 菜品,"https://img0.baidu.com/it/u=3942472811,3288638019&fm=253&fmt=auto&app=138&f=JPEG?w=500&h=653",500,653,🌼蚝油西兰花:轻松享受健康美味🍲
images/蚝油西兰花/蚝油西兰花_004.jpg,46ab2f1a5bb7c56b2bc06df4533a56e0,search_baidu,蚝油西兰花 菜品,"https://img0.baidu.com/it/u=1779224729,419456760&fm=253&fmt=auto&app=120&f=JPEG?w=840&h=800",840,800,"蒜香蚝油西兰花,美味又健康!"
images/蚝油西兰花/蚝油西兰花_005.jpg,3c516ab9510f5264ad52203bec53b00d,search_baidu,蚝油西兰花 菜品,"https://img0.baidu.com/it/u=3418213129,255582104&fm=253&fmt=auto&app=120&f=JPEG?w=750&h=500",750,500,"蒜香蚝油西兰花:健康素食的味觉升维指南——返璞归真,打造家庭餐桌"
images/蚝油西兰花/蚝油西兰花_006.jpg,d28192f844e8290cffc5aecb4c593c48,search_baidu,蚝油西兰花 菜品,"https://img2.baidu.com/it/u=3840251952,1829860621&fm=253&fmt=auto&app=138&f=PNG?w=500&h=653",500,653,"西兰花新吃法:蚝油西兰花,简单又美味!"
images/蚝油西兰花/蚝油西兰花_007.jpg,f46e7eed7296485ac0da7ab4359f39ed,search_baidu,蚝油西兰花 菜品,"https://img1.baidu.com/it/u=385493793,3168629875&fm=253&fmt=auto&app=138&f=JPEG?w=500&h=641",500,641,五分钟某手菜:低脂蚝油西兰花
images/蚝油西兰花/蚝油西兰花_008.jpg,db540c1dd8086d76493de534f4fb9239,search_baidu,蚝油西兰花 菜品,"https://img2.baidu.com/it/u=2771054980,2416732651&fm=253&fmt=auto&app=120&f=JPEG?w=1067&h=800",1067,800,"【油渣炒西兰花】 ①西兰花用淡盐水泡10分钟,洗干净后焯水40秒."
images/蚝油西兰花/蚝油西兰花_009.jpg,0e11bcb4179c7edfeb119b1b142f6d4c,search_baidu,蚝油西兰花 菜品,"https://img0.baidu.com/it/u=1820752788,1515907540&fm=253&fmt=auto&app=138&f=JPEG?w=500&h=616",500,616,低脂美味!蚝油西兰花海鲜菇
images/蚝油西兰花/蚝油西兰花_010.jpg,83f2b2ca5e8d8a80ee2726547d98b314,search_baidu,蚝油西兰花 菜品,"https://img0.baidu.com/it/u=1769919151,3142839752&fm=253&fmt=auto&app=120&f=JPEG?w=500&h=889",500,889,蚝油西兰花 简单营养又好吃
images/炸藕盒/炸藕盒_001.jpg,a10185a8312fa126c2d96ad32974ce0e,search_baidu,炸藕盒 菜品,"https://img1.baidu.com/it/u=3860143536,1756571712&fm=253&fmt=auto&app=138&f=JPEG?w=500&h=655",500,655,"空气炸锅版炸藕盒,健康美味停不下来!"
images/炸藕盒/炸藕盒_002.jpg,e7f933ac5d70ce7926c7790e5cd3adfa,search_baidu,炸藕盒 菜品,"https://img0.baidu.com/it/u=124282440,3764823628&fm=253&fmt=auto&app=138&f=JPEG?w=500&h=653",500,653,"外酥里嫩的炸藕盒,简单又美味!"
images/炸藕盒/炸藕盒_003.jpg,13d649ddf2f13a64b7abc913e573a00f,search_baidu,炸藕盒 菜品,"https://img1.baidu.com/it/u=2463183202,402948982&fm=253&fmt=auto&app=138&f=JPEG?w=515&h=500",515,500,炸藕盒:外酥里嫩的美味秘诀🍗
images/炸藕盒/炸藕盒_004.jpg,9b319843d26d91e5fdbf42c5f6625891,search_baidu,炸藕盒 菜品,"https://img0.baidu.com/it/u=423634779,2877863585&fm=253&fmt=auto&app=120&f=JPEG?w=500&h=661",500,661,"炸藕盒,面糊别乱调!记住这个比例,外皮酥脆,咬一口满嘴香"
images/炸藕盒/炸藕盒_005.jpg,305b2d72a00a2086e9de30dc7d069659,search_baidu,炸藕盒 菜品,"https://img2.baidu.com/it/u=528135974,2111354672&fm=253&fmt=auto&app=138&f=JPEG?w=588&h=500",588,500,幸福滋味的香酥炸藕盒
images/炸藕盒/炸藕盒_006.jpg,784d86221094d8bff7527212bfe765ea,search_baidu,炸藕盒 菜品,"https://img0.baidu.com/it/u=2716539871,1657330068&fm=253&fmt=auto&app=138&f=JPEG?w=500&h=667",500,667,"炸藕盒外酥里嫩不回软,掌握这一步,在家炸出馆子味 炸藕盒外酥里嫩不"
images/炸藕盒/炸藕盒_007.jpg,dad9781053b33e98c689843d52a59bda,search_baidu,炸藕盒 菜品,"https://img1.baidu.com/it/u=1028685443,1376042700&fm=253&fmt=auto&app=138&f=JPEG?w=500&h=650",500,650,炸藕盒秘籍!外酥里嫩🍖
images/炸藕盒/炸藕盒_008.jpg,2e7dab43c800de8ecbab8d58c8636156,search_baidu,炸藕盒 菜品,"https://img2.baidu.com/it/u=2606658860,2458592192&fm=253&fmt=auto&app=138&f=JPEG?w=500&h=667",500,667,"夏日炸藕盒,酸甜脆爽!"
images/炸藕盒/炸藕盒_009.jpg,2a1616e2b6c3c2fa52e7e8379a719cb0,search_baidu,炸藕盒 菜品,"https://img0.baidu.com/it/u=2749201740,225108013&fm=253&fmt=auto&app=138&f=JPEG?w=500&h=661",500,661,"空气炸锅版炸藕盒,健康美味在家享!"
images/炸藕盒/炸藕盒_010.jpg,509b32947d9519bd0c7805fcb9abca02,search_baidu,炸藕盒 菜品,"https://img2.baidu.com/it/u=3734991214,576708306&fm=253&fmt=auto&app=138&f=JPEG?w=500&h=889",500,889,年夜饭第六道菜炸藕盒外酥里咸香大小朋友都爱吃年夜饭藕夹
images/凉拌西红柿/凉拌西红柿_001.jpg,4f40febe6ed9fe630833ec41ec6b67a6,search_baidu,凉拌西红柿 菜品,"https://img0.baidu.com/it/u=2841516233,3485970480&fm=253&fmt=auto&app=120&f=JPEG?w=800&h=1044",800,1044,夏日清凉必备:凉拌西红柿的多种叫法
images/凉拌西红柿/凉拌西红柿_002.jpg,32b0ccf7e93be47aa71e45356e9da671,search_baidu,凉拌西红柿 菜品,"https://img0.baidu.com/it/u=295501563,1300502470&fm=253&fmt=auto&app=138&f=JPEG?w=500&h=667",500,667,"凉拌西红柿时,别只撒白糖,撒少许盐之花,甜味更突出,惊艳老味道"
images/凉拌西红柿/凉拌西红柿_003.jpg,e5bbbc5344dc1e5d3a1ebe923c8141df,search_baidu,凉拌西红柿 菜品,"https://img2.baidu.com/it/u=1944883288,1038676866&fm=253&fmt=auto&app=138&f=JPEG?w=780&h=500",780,500,凉拌西红柿的健康魅力与美味制作方法
images/凉拌西红柿/凉拌西红柿_004.jpg,a0fcdca233a8512097f9ab0d9ed6a857,search_baidu,凉拌西红柿 菜品,"https://img0.baidu.com/it/u=110900428,494940208&fm=253&fmt=auto&app=138&f=JPEG?w=500&h=667",500,667,分享巨好吃的凉拌番茄洋葱!巨巨好吃!脆脆甜甜!清爽好吃!
images/凉拌西红柿/凉拌西红柿_005.jpg,a95e3c63c8fbbbd71997ce3c57c9ce7f,search_baidu,凉拌西红柿 菜品,"https://img2.baidu.com/it/u=4113811727,3595695373&fm=253&fmt=auto&app=138&f=JPEG?w=500&h=653",500,653,云南人夏日必备!冰凉酸甜的番茄凉拌菜
images/凉拌西红柿/凉拌西红柿_006.jpg,6a8347a7d03dcf924cee6a26d22c1679,search_baidu,凉拌西红柿 菜品,"https://img1.baidu.com/it/u=3098980671,2848447266&fm=253&fmt=auto&app=138&f=JPEG?w=500&h=667",500,667,pumpkin 的想法: 要吃100个凉拌西红柿🍅 | 这个夏天凉拌西红柿怎么
images/凉拌西红柿/凉拌西红柿_007.jpg,b57bb78536da00cdf60081004c4be6f5,search_baidu,凉拌西红柿 菜品,"https://img2.baidu.com/it/u=571195046,2870166719&fm=253&fmt=auto&app=120&f=JPEG?w=889&h=500",889,500,"其实万物皆可冻啃,分享年夜饭适合冻着吃的开胃菜【糖拌西红柿】"
images/凉拌西红柿/凉拌西红柿_008.jpg,72438b819c0c4d5e4685f3892fba5ebd,search_baidu,凉拌西红柿 菜品,"https://img1.baidu.com/it/u=1275557776,3125396602&fm=253&fmt=auto&app=138&f=JPEG?w=500&h=655",500,655,🍅糖拌西红柿:年夜饭上的酸甜美味
images/凉拌西红柿/凉拌西红柿_009.jpg,d711b6235c6e6929127d7e6acaf04f77,search_baidu,凉拌西红柿 菜品,"https://img2.baidu.com/it/u=2979704325,1661868420&fm=253&fmt=auto&app=138&f=JPEG?w=750&h=500",750,500,"凉拌黄瓜:为了口感放了不少糖醋汁,糖分早就悄悄潜伏其中."
images/凉拌西红柿/凉拌西红柿_010.jpg,0fe25a1b51ea1d5db4c70beb07c1cacf,search_baidu,凉拌西红柿 菜品,"https://img2.baidu.com/it/u=1229495915,1533876901&fm=253&fmt=auto&app=138&f=JPEG?w=500&h=666",500,666,凉拌西红柿图片白糖拌西红柿图片西红柿拌糖糖拌西红柿图片真实糖拌
images/花生/花生_001.jpg,c3611d127e669148c6a03259fed02904,search_baidu,花生 菜品,"https://img0.baidu.com/it/u=156727297,1041809609&fm=253&fmt=auto&app=138&f=JPEG?w=750&h=500",750,500,"「中华美食」凉拌花生:香脆爽口的开胃小菜,轻松搞定家常美味"
images/花生/花生_002.jpg,604f5535d472060debd203dc6067d0a0,search_baidu,花生 菜品,"https://img2.baidu.com/it/u=3047378521,1243780836&fm=253&fmt=auto&app=120&f=JPEG?w=1195&h=800",1195,800,"我做这道菜,先取200克花生米,用500毫升开水泡一小时,泡胀后捞出控干"
images/花生/花生_003.jpg,8d6bc8c55f056749242d742fa6360e27,search_baidu,花生 菜品,"https://img0.baidu.com/it/u=3180922287,2185251874&fm=253&fmt=auto&app=138&f=JPEG?w=500&h=666",500,666,鲜花生🥜这样炒的你吃过吗❓
images/花生/花生_004.jpg,c477f7672b1e37cac4409bc8f2821ece,search_baidu,花生 菜品,"https://img1.baidu.com/it/u=1512893811,3750356348&fm=253&fmt=auto&app=138&f=JPEG?w=500&h=595",500,595,"花生米很便宜,一斤才5块钱,建议大家每天吃一把,好处多多"
images/花生/花生_005.jpg,279da9678c48f40dba6e30041fc0e8c9,search_baidu,花生 菜品,"https://img2.baidu.com/it/u=421770863,4107407652&fm=253&fmt=auto&app=120&f=JPEG?w=500&h=643",500,643,花生米是不是最好的下酒菜?
images/花生/花生_006.jpg,a9dde4aba2c147e14963347b0e633b18,search_baidu,花生 菜品,"https://img1.baidu.com/it/u=1247498413,4215383491&fm=253&fmt=auto&app=138&f=JPEG?w=800&h=1067",800,1067,"过年餐桌必备的糖霜花生,既能小零食又能当下酒菜,简单易做又好 - 抖"
images/花生/花生_007.jpg,bc9b6a8085ecc2e5b4e05b381d310083,search_baidu,花生 菜品,"https://img1.baidu.com/it/u=3563820228,1297692682&fm=253&fmt=auto&app=138&f=JPEG?w=500&h=889",500,889,"美食#哇喔,花生还可以这样做,真的长见识啦!"
images/花生/花生_008.jpg,2b3e4ef42e3b82955051898e3f28f943,search_baidu,花生 菜品,"https://img1.baidu.com/it/u=104795837,2856324642&fm=253&fmt=auto&app=138&f=JPEG?w=500&h=889",500,889,"一道经典老菜 老醋花生,到现在大人小孩于然很喜欢吃!"
images/花生/花生_009.jpg,f641a39bd739fae73ae0dd13fefdc0a0,search_baidu,花生 菜品,"https://img1.baidu.com/it/u=3712680866,1105746799&fm=253&fmt=auto&app=138&f=JPEG?w=500&h=667",500,667,追剧必备的小鱼花生真的太上头了
images/花生/花生_010.jpg,f10a7e33e754cd232b5cd9e720c092f7,search_baidu,花生 菜品,"https://img1.baidu.com/it/u=2258301402,3046797321&fm=253&fmt=auto&app=138&f=JPEG?w=475&h=356",475,356," p>猪肉炖花生是一道菜品,主料是猪肉,花生,上海青,辅料是盐,酱油"
images/炒花菜/炒花菜_001.jpg,b8758837a0d2ce20fc3aaec98907aa07,search_baidu,炒花菜 菜品,"https://img1.baidu.com/it/u=3597812822,3928340832&fm=253&fmt=auto&app=138&f=JPEG?w=500&h=653",500,653,"素炒有机花菜,脆爽美味,简单易学!"
images/炒花菜/炒花菜_002.jpg,de65a052ffd4064881849e994eba5856,search_baidu,炒花菜 菜品,"https://img1.baidu.com/it/u=880436457,477868706&fm=253&fmt=auto&app=138&f=JPEG?w=500&h=710",500,710,"🍲 家庭版清炒花菜,简单又美味!"
images/炒花菜/炒花菜_003.jpg,b6439b76f2d67433b55bc0b8f94bd3e7,search_baidu,炒花菜 菜品,"https://img0.baidu.com/it/u=3928579885,2149484864&fm=253&fmt=auto&app=138&f=JPEG?w=885&h=500",885,500,"教你家常美味的青椒炒花菜,营养好吃又下饭,不愁孩子没胃口"
images/炒花菜/炒花菜_004.jpg,4d28e9b19c110b09e4fdc0d8ec9d8642,search_baidu,炒花菜 菜品,"https://img1.baidu.com/it/u=254456290,1097774204&fm=253&fmt=auto&app=138&f=JPEG?w=500&h=653",500,653,"🍲低脂美味炒花菜,健康又下饭!🍚"
images/炒花菜/炒花菜_005.jpg,4a7ef2bacafc4ca7e8b64a35b0a5739d,search_baidu,炒花菜 菜品,"https://img0.baidu.com/it/u=2457903532,969163217&fm=253&fmt=auto&app=138&f=JPEG?w=500&h=653",500,653,"🍲 美味又简单的花菜炒法,轻松上手!"
images/炒花菜/炒花菜_006.jpg,c42fe63b0b2392fb14727b486c36b406,search_baidu,炒花菜 菜品,"https://img0.baidu.com/it/u=3239670109,1940135480&fm=253&fmt=auto&app=138&f=JPEG?w=519&h=500",519,500,"番茄炒花菜,酸甜邂逅的田园美味,鲜香可口的家常佳肴."
images/炒花菜/炒花菜_007.jpg,644361ff39f9e36955f04f1c760b2576,search_baidu,炒花菜 菜品,"https://img0.baidu.com/it/u=3179503426,1362037829&fm=253&fmt=auto&app=138&f=JPEG?w=500&h=656",500,656,"香辣脆爽生炒花菜,简单又美味的家常菜"
images/炒花菜/炒花菜_008.jpg,e4bb6f73ae6574f5005ce7437786e160,search_baidu,炒花菜 菜品,"https://img0.baidu.com/it/u=1244608358,1055705851&fm=253&fmt=auto&app=138&f=JPEG?w=500&h=653",500,653,"干煸花菜这样做,香辣入味,超级下饭!"
images/炒花菜/炒花菜_009.jpg,cd9532c77f2cf4bac23c90b25473eb70,search_baidu,炒花菜 菜品,"https://img1.baidu.com/it/u=2030568062,3775764186&fm=253&fmt=auto&app=138&f=JPEG?w=500&h=525",500,525,"番茄炒花菜,酸甜邂逅的田园美味,鲜香可口的家常佳肴."
images/炒花菜/炒花菜_010.jpg,75666ad6f257024090f5c0df6d33beed,search_baidu,炒花菜 菜品,"https://img1.baidu.com/it/u=2383046898,3628252067&fm=253&fmt=auto&app=138&f=JPEG?w=500&h=652",500,652,"干炒花菜:香辣爽脆,低脂美味的家常菜"
images/蒸蛋羹/蒸蛋羹_001.jpg,1a9c5184870d15332752852f2f943b11,search_baidu,蒸蛋羹 菜品,"https://img2.baidu.com/it/u=2279987669,1470329428&fm=253&fmt=auto&app=120&f=JPEG?w=800&h=1067",800,1067,"无蜂窝秘诀,宝宝最爱吃!"
images/蒸蛋羹/蒸蛋羹_002.jpg,bb5a6bd237da1bd38d094b4ccfcd0fdc,search_baidu,蒸蛋羹 菜品,"https://img2.baidu.com/it/u=2789885726,2734328074&fm=253&fmt=auto&app=120&f=JPEG?w=800&h=1001",800,1001,🍲 年夜饭必备:豆腐肉沫蒸蛋
images/蒸蛋羹/蒸蛋羹_003.jpg,a42b76b889fddddd789f675191140c1f,search_baidu,蒸蛋羹 菜品,"https://img0.baidu.com/it/u=3393949486,2572071525&fm=253&fmt=auto&app=138&f=JPEG?w=500&h=667",500,667,"快收藏,蒸啥蛋都细腻无孔"
images/蒸蛋羹/蒸蛋羹_004.jpg,5720fd64becd24fda8e26aaaae2db0d6,search_baidu,蒸蛋羹 菜品,"https://img2.baidu.com/it/u=2861312503,2732150207&fm=253&fmt=auto&app=138&f=JPEG?w=500&h=667",500,667,"蒸鸡蛋羹不蜂窝有绝招,加勺它滑嫩如布丁,老人小孩都爱吃"
images/蒸蛋羹/蒸蛋羹_005.jpg,f5607643a86048a7355ead0306d0f715,search_baidu,蒸蛋羹 菜品,"https://img1.baidu.com/it/u=3666738022,2807440317&fm=253&fmt=auto&app=138&f=JPEG?w=500&h=667",500,667,"蒸鸡蛋时,掌握这3步,出锅嫩滑无孔,入口即化,上桌就吃光"
images/蒸蛋羹/蒸蛋羹_006.jpg,06ee3a2b996c9c3c0c2574a8f6868acf,search_baidu,蒸蛋羹 菜品,"https://img0.baidu.com/it/u=199033692,3004319137&fm=253&fmt=auto&app=120&f=JPEG?w=541&h=500",541,500,"终于学会妈妈做的水蒸蛋啦!嫩到一戳就晃悠,入口即化比豆腐还软"
images/蒸蛋羹/蒸蛋羹_007.jpg,f21ef5fd01180e608348629a2e35cbab,search_baidu,蒸蛋羹 菜品,"https://img1.baidu.com/it/u=842891153,676954571&fm=253&fmt=auto&app=138&f=JPEG?w=500&h=667",500,667,"孩子爱吃的蒸蛋羹,简单 2 步,在家就能做,嫩滑像布丁"
images/蒸蛋羹/蒸蛋羹_008.jpg,92102d7d7ac22b99df65207baa1fbdf9,search_baidu,蒸蛋羹 菜品,"https://img2.baidu.com/it/u=2533949920,3660265462&fm=253&fmt=auto&app=120&f=JPEG?w=800&h=1044",800,1044,"蒸鸡蛋羹不失败的小技巧,5分钟搞定!"
images/蒸蛋羹/蒸蛋羹_009.jpg,ea5901630d2a4bedefe92bb99ff45b4b,search_baidu,蒸蛋羹 菜品,"https://img0.baidu.com/it/u=554435176,3772775966&fm=253&fmt=auto&app=138&f=JPEG?w=500&h=667",500,667,"豆腐鸡蛋羹:蒸锅里的温柔魔法,嫩滑到心尖尖的治愈系美味"
images/蒸蛋羹/蒸蛋羹_010.jpg,df7b1b823a1a5dfb4ebe912131769e17,search_baidu,蒸蛋羹 菜品,"https://img1.baidu.com/it/u=2806158694,2043181368&fm=253&fmt=auto&app=138&f=JPEG?w=500&h=667",500,667,"蒸鸡蛋羹,蒸多久嫩滑?3 个时间点,不结块,无蜂窝"
images/可乐鸡翅/可乐鸡翅_001.jpg,62cee774bd9b4246a3e841006f985476,search_baidu,可乐鸡翅 菜品,"https://img0.baidu.com/it/u=3751504833,3818414072&fm=253&fmt=auto&app=120&f=JPEG?w=800&h=1422",800,1422,"零失败可乐鸡翅!甜咸交织,鲜嫩多汁,新手也能轻松搞定!"
images/可乐鸡翅/可乐鸡翅_002.jpg,9481095e99d113ba0fbfbb92a640340b,search_baidu,可乐鸡翅 菜品,"https://img2.baidu.com/it/u=2024449471,3275432337&fm=253&fmt=auto&app=138&f=JPEG?w=500&h=653",500,653,"🍗 美味可乐鸡翅,简单易学的家常菜"
images/可乐鸡翅/可乐鸡翅_003.jpg,594721732b166607624a5950b8bca717,search_baidu,可乐鸡翅 菜品,"https://img2.baidu.com/it/u=2976796460,2374573490&fm=253&fmt=auto&app=138&f=JPEG?w=500&h=667",500,667,"十分钟教你学会好吃到吮指的可乐鸡翅,新手零失败!"
images/可乐鸡翅/可乐鸡翅_004.jpg,7be051ccf9c9a8653d4a436130bff3d5,search_baidu,可乐鸡翅 菜品,"https://img2.baidu.com/it/u=2637100077,2447308579&fm=253&fmt=auto&app=138&f=JPEG?w=500&h=619",500,619,"零失败可乐鸡翅,厨房小白必学!"
images/可乐鸡翅/可乐鸡翅_005.jpg,84ab5303869d324537669df816191c56,search_baidu,可乐鸡翅 菜品,"https://img2.baidu.com/it/u=2408153485,689321138&fm=253&fmt=auto&app=138&f=JPEG?w=500&h=653",500,653,"🍗 美味可乐鸡翅,简单易做,家人都爱吃!"
images/可乐鸡翅/可乐鸡翅_006.jpg,3b491c2c0bd0b7ff2234428de2985b49,search_baidu,可乐鸡翅 菜品,"https://img1.baidu.com/it/u=2541745869,1060275588&fm=253&fmt=auto&app=120&f=JPEG?w=800&h=804",800,804,"家庭版可乐鸡翅,简单又美味,秒杀外卖!"
images/可乐鸡翅/可乐鸡翅_007.jpg,c795369bb4ea29bba19268fc25767be6,search_baidu,可乐鸡翅 菜品,"https://img0.baidu.com/it/u=1235578462,1382677846&fm=253&fmt=auto&app=120&f=JPEG?w=500&h=706",500,706,零失败的可乐鸡翅 成功原来就只差这一步
images/可乐鸡翅/可乐鸡翅_008.jpg,b7e238b5a87e8ec5ded5baac8fa60921,search_baidu,可乐鸡翅 菜品,"https://img1.baidu.com/it/u=1132767041,3537217396&fm=253&fmt=auto&app=120&f=JPEG?w=500&h=667",500,667,可乐鸡翅:一瓶快乐水的美味魔法!
images/可乐鸡翅/可乐鸡翅_009.jpg,cb470a8ef068d8cd71ffb0e14a7fc5bc,search_baidu,可乐鸡翅 菜品,"https://img0.baidu.com/it/u=3236359623,717997509&fm=253&fmt=auto&app=120&f=JPEG?w=500&h=667",500,667,"可乐鸡翅,腌煮配方全教你,皮香肉嫩不腥,家常硬菜"
images/可乐鸡翅/可乐鸡翅_010.jpg,dfc222bbe5f594376ae48de73b5c06c9,search_baidu,可乐鸡翅 菜品,"https://img2.baidu.com/it/u=3472063309,1224336746&fm=253&fmt=auto&app=120&f=JPEG?w=500&h=667",500,667,可乐鸡翅:一瓶快乐水的美味魔法!
images/辣子鸡/辣子鸡_001.jpg,c19ea27be38f106cba08343403e72dae,search_baidu,辣子鸡 菜品,"https://img2.baidu.com/it/u=1605052274,3596192534&fm=253&fmt=auto&app=138&f=JPEG?w=537&h=500",537,500,"🌶️ 川味辣子鸡,香辣诱人的家常菜 🍗"
images/辣子鸡/辣子鸡_002.jpg,aad7e049552f4b6e0d2f91b7629053d5,search_baidu,辣子鸡 菜品,"https://img0.baidu.com/it/u=1800114141,405788745&fm=253&fmt=auto&app=138&f=JPEG?w=515&h=500",515,500,🌶️ 重庆风味辣子鸡制作指南 🍗
images/辣子鸡/辣子鸡_003.jpg,24c67813a2380c45e6dd14b05b81ecdc,search_baidu,辣子鸡 菜品,"https://img1.baidu.com/it/u=2626675333,2844681740&fm=253&fmt=auto&app=138&f=JPEG?w=500&h=653",500,653,"青椒辣子鸡,这道菜真的是巨香!还没出锅,香味就已经飘满了整个厨房."
images/辣子鸡/辣子鸡_004.jpg,ce42971ca734b8e5b3522b6308f4ad23,search_baidu,辣子鸡 菜品,"https://img1.baidu.com/it/u=2025714716,3756302209&fm=253&fmt=auto&app=138&f=JPEG?w=500&h=666",500,666,香辣十足的辣子鸡丁麻辣诱惑难以抵挡的川菜经典
images/辣子鸡/辣子鸡_005.jpg,39573cf89fad290d3eea0c817d137344,search_baidu,辣子鸡 菜品,"https://img1.baidu.com/it/u=1447497138,2199162678&fm=253&fmt=auto&app=120&f=JPEG?w=800&h=1048",800,1048,"麻辣鲜香川味辣子鸡,让你一吃难忘!"
images/辣子鸡/辣子鸡_006.jpg,3e96df43dc49f8ab1a77dc451a5afa39,search_baidu,辣子鸡 菜品,"https://img1.baidu.com/it/u=2075853671,3694036156&fm=253&fmt=auto&app=138&f=JPEG?w=588&h=500",588,500,"川菜辣子鸡,香到灵魂的秘诀!"
images/辣子鸡/辣子鸡_007.jpg,a81f958228ac5ee16af3dd4915035fe0,search_baidu,辣子鸡 菜品,"https://img2.baidu.com/it/u=1682768600,1929019453&fm=253&fmt=auto&app=138&f=JPEG?w=500&h=647",500,647,辣子鸡:川味江湖的麻辣传奇
images/辣子鸡/辣子鸡_008.jpg,809c03866330b0e80b36daaebebf21e0,search_baidu,辣子鸡 菜品,"https://img2.baidu.com/it/u=2417552808,2484504544&fm=253&fmt=auto&app=138&f=JPEG?w=515&h=500",515,500,川菜中的辣味明珠:辣子鸡丁
images/辣子鸡/辣子鸡_009.jpg,5c3c6f5ab2374d9b6de6c9f968fd4a95,search_baidu,辣子鸡 菜品,"https://img0.baidu.com/it/u=347255812,2688436839&fm=253&fmt=auto&app=138&f=JPEG?w=500&h=654",500,654,"尖椒辣子鸡:麻辣鲜香,简单易学的家常菜"
images/辣子鸡/辣子鸡_010.jpg,270805c8bdcd0b14c615078d93f20c2c,search_baidu,辣子鸡 菜品,"https://img2.baidu.com/it/u=1696510886,3787877075&fm=253&fmt=auto&app=138&f=JPEG?w=500&h=667",500,667,"川菜经典辣子鸡,鸡肉外酥里嫩,麻辣过瘾,一口就爱到不行!"
images/爆炒腰花/爆炒腰花_001.jpg,9969c27a1594ed934b7a1f4a6645dfc2,search_baidu,爆炒腰花 菜品,"https://img0.baidu.com/it/u=3725779568,41269544&fm=253&fmt=auto&app=138&f=JPEG?w=500&h=658",500,658,10分钟爆炒腰花!香到吮指✨
images/爆炒腰花/爆炒腰花_002.jpg,aad19ce18e06fcbe7d4dd180294770f1,search_baidu,爆炒腰花 菜品,"https://img2.baidu.com/it/u=3011483842,4184130629&fm=253&fmt=auto&app=120&f=JPEG?w=500&h=502",500,502,香辣爆炒腰花
images/爆炒腰花/爆炒腰花_003.jpg,c8235b4a33e08fd2bcad108f33f83146,search_baidu,爆炒腰花 菜品,"https://img0.baidu.com/it/u=4192231788,4193808700&fm=253&fmt=auto&app=120&f=JPEG?w=500&h=889",500,889,"好多人喜欢吃爆炒腰花,怎样炒才会嫩滑又不膻呢,看完你也会做"
images/爆炒腰花/爆炒腰花_004.jpg,8413feb50210492786eb892cd31d59d9,search_baidu,爆炒腰花 菜品,"https://img0.baidu.com/it/u=2313620994,3342726054&fm=253&fmt=auto&app=120&f=JPEG?w=1066&h=800",1066,800,爆炒腰花的烹饪方法
images/爆炒腰花/爆炒腰花_005.jpg,1e0586bdc010cc8d8bdcd8a6ae18a435,search_baidu,爆炒腰花 菜品,"https://img2.baidu.com/it/u=1688022948,2336410879&fm=253&fmt=auto&app=120&f=JPEG?w=500&h=889",500,889,男人会做饭  生活更浪漫 #爆炒腰花
images/爆炒腰花/爆炒腰花_006.jpg,5529383e2f7100d9f48b52127c881380,search_baidu,爆炒腰花 菜品,"https://img0.baidu.com/it/u=2351389127,2721841590&fm=253&fmt=auto&app=120&f=JPEG?w=500&h=535",500,535,"酸辣爆炒腰花:一口鲜爽,干饭人必备的下饭神器"
images/爆炒腰花/爆炒腰花_007.jpg,8c4779c48de95c7320b3480eec5f883e,search_baidu,爆炒腰花 菜品,"https://img1.baidu.com/it/u=4174172446,2789197311&fm=253&fmt=auto&app=138&f=JPEG?w=500&h=739",500,739,探索鲁菜中的爆炒腰花:传统与创新结合的独特美味
images/爆炒腰花/爆炒腰花_008.jpg,65dfe006e417602f3c5ab17984798256,search_baidu,爆炒腰花 菜品,"https://img0.baidu.com/it/u=779936650,2904237626&fm=253&fmt=auto&app=120&f=JPEG?w=635&h=500",635,500,香辣爆炒腰花 香辣爆炒腰花
images/爆炒腰花/爆炒腰花_009.jpg,064ebea624cc970925ff8246014a73ae,search_baidu,爆炒腰花 菜品,"https://img0.baidu.com/it/u=2036710004,693781701&fm=253&fmt=auto&app=120&f=JPEG?w=535&h=500",535,500,香辣爆炒腰花
images/爆炒腰花/爆炒腰花_010.jpg,3376d1df545d703d6933342204729e06,search_baidu,爆炒腰花 菜品,"https://img2.baidu.com/it/u=4113547866,3278252709&fm=253&fmt=auto&app=138&f=JPEG?w=500&h=653",500,653,成都玉林川菜探秘:爆炒腰花太绝了!
images/红烧牛肉/红烧牛肉_001.jpg,4a2bf2e860095ffeaed66bc2e61fbcc1,search_baidu,红烧牛肉 菜品,"https://img0.baidu.com/it/u=2253199700,1337826786&fm=253&fmt=auto&app=138&f=JPEG?w=500&h=667",500,667,牛肉去腥的厨房秘密:为什么你的红烧牛肉总是差一点?
images/红烧牛肉/红烧牛肉_002.jpg,ab1f1041682be201723003d9a7f385ba,search_baidu,红烧牛肉 菜品,"https://img0.baidu.com/it/u=423073589,2551401983&fm=253&fmt=auto&app=120&f=JPEG?w=800&h=1067",800,1067,红烧牛肉软烂秘诀!记住3点不柴不塞牙
images/红烧牛肉/红烧牛肉_003.jpg,13f00f81bc1a31d3be32d0f585d70e88,search_baidu,红烧牛肉 菜品,"https://img1.baidu.com/it/u=1064771747,4166011131&fm=253&fmt=auto&app=138&f=JPEG?w=500&h=653",500,653,"🍲 家庭版红烧牛肉,软烂入味,超级下饭!"
images/红烧牛肉/红烧牛肉_004.jpg,8a452a8fe05f8589bea4dabe8ee03ca4,search_baidu,红烧牛肉 菜品,"https://img1.baidu.com/it/u=2957180064,1959503889&fm=253&fmt=auto&app=120&f=JPEG?w=800&h=1067",800,1067,"红烧牛肉:一锅肉香,暖透岁月的家常硬菜"
images/红烧牛肉/红烧牛肉_005.jpg,6e2d6823e485a6531c2c2ea34c83ec00,search_baidu,红烧牛肉 菜品,"https://img1.baidu.com/it/u=2242219445,478489036&fm=253&fmt=auto&app=138&f=JPEG?w=500&h=667",500,667,"红烧牛肉:牛肉高蛋白,炖得软烂入味,超下饭."
images/红烧牛肉/红烧牛肉_006.jpg,7284f627dd235d3a07e4d71ed5ac73fc,search_baidu,红烧牛肉 菜品,"https://img2.baidu.com/it/u=2385277039,3797986283&fm=253&fmt=auto&app=120&f=JPEG?w=500&h=667",500,667,红烧牛肉:一碗香浓的家的味道
images/红烧牛肉/红烧牛肉_007.jpg,ba72c84b9275ba21c12bb42ed7241df1,search_baidu,红烧牛肉 菜品,"https://img0.baidu.com/it/u=729408735,1082463851&fm=253&fmt=auto&app=138&f=JPEG?w=500&h=799",500,799,红烧牛肉软烂秘诀!记住3点不柴不塞牙
images/红烧牛肉/红烧牛肉_008.jpg,6334762fed76e0527931af1d3347b758,search_baidu,红烧牛肉 菜品,"https://img1.baidu.com/it/u=3085926603,3072443194&fm=253&fmt=auto&app=138&f=JPEG?w=500&h=667",500,667,"家庭版红烧牛肉也太好吃了,满屋子飘香,土豆软糯绵密,牛肉软烂且不柴"
images/红烧牛肉/红烧牛肉_009.jpg,de6451db76d2705a488111a43a00f67b,search_baidu,红烧牛肉 菜品,"https://img2.baidu.com/it/u=2146529855,2432095945&fm=253&fmt=auto&app=138&f=JPEG?w=500&h=650",500,650,🍲 红烧牛肉:简单美味的家常菜
images/红烧牛肉/红烧牛肉_010.jpg,73f9994a87d82ad384966d2e1bedc0da,search_baidu,红烧牛肉 菜品,"https://img2.baidu.com/it/u=126703682,454103489&fm=253&fmt=auto&app=138&f=JPEG?w=500&h=666",500,666,红烧牛肉软烂秘诀!记住3点不柴不塞牙
images/酸菜鱼/酸菜鱼_001.jpg,05541bb02eef556efa4cc850844d716d,search_baidu,酸菜鱼 菜品,"https://img2.baidu.com/it/u=2658630568,2427329637&fm=253&fmt=auto&app=120&f=JPEG?w=800&h=1074",800,1074,"酸菜鱼这样做,绝对让你停不下来!"
images/酸菜鱼/酸菜鱼_002.jpg,ebdf9ff0e519a1af9177f76bf1bebe15,search_baidu,酸菜鱼 菜品,"https://img0.baidu.com/it/u=1915657143,1026119296&fm=253&fmt=auto&app=138&f=JPEG?w=500&h=501",500,501,《酸菜鱼:一场味蕾的狂欢盛宴》
images/酸菜鱼/酸菜鱼_003.jpg,f285bc6e6bddb2e08065473315e5376c,search_baidu,酸菜鱼 菜品,"https://img0.baidu.com/it/u=4064146409,2993420548&fm=253&fmt=auto&app=138&f=JPEG?w=500&h=667",500,667,"破防了感觉以前的金汤酸菜鱼都白吃了 咱就说,这一锅金汤酸菜鱼谁能"
images/酸菜鱼/酸菜鱼_004.jpg,1a95c78319ae0341377713eb182d46eb,search_baidu,酸菜鱼 菜品,"https://img1.baidu.com/it/u=225972178,1236284548&fm=253&fmt=auto&app=120&f=JPEG?w=500&h=713",500,713,"酸菜鱼|汤酸鱼嫩,一碗江湖味|五天论·味之观"
images/酸菜鱼/酸菜鱼_005.jpg,0c817911805d4c0b956549c79c11ab73,search_baidu,酸菜鱼 菜品,"https://img2.baidu.com/it/u=1159538039,3670083518&fm=253&fmt=auto&app=138&f=JPEG?w=667&h=500",667,500,"家常金汤酸菜鱼这样做,汤色金黄好开胃,鱼片滑嫩还不腥"
images/酸菜鱼/酸菜鱼_006.jpg,3c3d44c14a7ca28234456c057ce53299,search_baidu,酸菜鱼 菜品,"https://img2.baidu.com/it/u=1317177688,1766730706&fm=253&fmt=auto&app=138&f=JPEG?w=677&h=500",677,500,酸菜鱼:川菜的酸辣魅力
images/酸菜鱼/酸菜鱼_007.jpg,2650ae8d13f993af5ccbab96239e1dea,search_baidu,酸菜鱼 菜品,"https://img2.baidu.com/it/u=1107754228,1096026249&fm=253&fmt=auto&app=138&f=JPEG?w=500&h=660",500,660,"酸菜鱼片:舌尖上的酸辣风暴,干辣椒添香"
images/酸菜鱼/酸菜鱼_008.jpg,8254797d91b635da629929f7afb53e14,search_baidu,酸菜鱼 菜品,"https://img1.baidu.com/it/u=1163948332,4195694698&fm=253&fmt=auto&app=138&f=JPEG?w=500&h=889",500,889,"原本担心没有适合两人份的菜品,但发现他们家的酸菜鱼不仅有多种口味"
images/酸菜鱼/酸菜鱼_009.jpg,d50a6471f2cb0e87a04c1e3b91810f58,search_baidu,酸菜鱼 菜品,"https://img1.baidu.com/it/u=1839532317,906600571&fm=253&fmt=auto&app=120&f=JPEG?w=749&h=500",749,500,"很多人爱吃的酸菜鱼,为何突然失宠了?网友:4个原因,很扎心"
images/酸菜鱼/酸菜鱼_010.jpg,4dfec7cd8d0dad5bd349641e79868723,search_baidu,酸菜鱼 菜品,"https://img1.baidu.com/it/u=2589570657,1858782921&fm=253&fmt=auto&app=138&f=JPEG?w=500&h=889",500,889,"懒人不喜欢做饭的有福啦,有了这个酸菜鱼 半成品在家5分钟就能吃到"
images/糖醋鱼/糖醋鱼_001.jpg,9b32ffe13192bd799172309c1e541418,search_baidu,糖醋鱼 菜品,"https://img2.baidu.com/it/u=3085578291,117271752&fm=253&fmt=auto&app=138&f=JPEG?w=630&h=500",630,500,"🐟外酥里嫩的糖醋鱼,美味到停不下来!"
images/糖醋鱼/糖醋鱼_002.jpg,b7d6fbc409e06ebf23fdd56a1f02ce56,search_baidu,糖醋鱼 菜品,"https://img0.baidu.com/it/u=2731968712,1154573922&fm=253&fmt=auto&app=120&f=JPEG?w=500&h=889",500,889,年夜饭必不可少一道菜糖醋鱼
images/糖醋鱼/糖醋鱼_003.jpg,df6c58eb687e60fbeb012bae46e9508b,search_baidu,糖醋鱼 菜品,"https://img1.baidu.com/it/u=3432276115,228874969&fm=253&fmt=auto&app=138&f=JPEG?w=666&h=500",666,500,"糖醋鱼外酥里嫩,酸甜可口,一起来学着做吧#美食#    食材准备: 鱼1条"
images/糖醋鱼/糖醋鱼_004.jpg,2c119cbe2d3895db3bcad0cb4e0216f5,search_baidu,糖醋鱼 菜品,"https://img2.baidu.com/it/u=998755871,2350205675&fm=253&fmt=auto&app=120&f=JPEG?w=500&h=667",500,667,「食全食美」石嘴山·旅游名菜 ④ | 糖醋黄河大鲤鱼
images/糖醋鱼/糖醋鱼_005.jpg,efd597ae5aec4ea2d5c7821c42c74da0,search_baidu,糖醋鱼 菜品,"https://img0.baidu.com/it/u=1439286494,1574416645&fm=253&fmt=auto&app=138&f=JPEG?w=500&h=661",500,661,"糖醋鱼:经典传承中的酸甜之美,开启你的味蕾盛宴"
images/糖醋鱼/糖醋鱼_006.jpg,3ecd06f4c03100cea145bf08c70f4a49,search_baidu,糖醋鱼 菜品,"https://img2.baidu.com/it/u=3709745445,362744445&fm=253&fmt=auto&app=138&f=JPEG?w=645&h=500",645,500,1. 糖醋鱼:酸甜开胃
images/糖醋鱼/糖醋鱼_007.jpg,85d5917a016fb8624e93d4b6779048ce,search_baidu,糖醋鱼 菜品,"https://img2.baidu.com/it/u=2777045350,86026811&fm=253&fmt=auto&app=138&f=JPEG?w=500&h=647",500,647,"在家轻松制作饭店级糖醋鱼,酸甜可口,外酥里嫩,让家人赞不绝口"
images/糖醋鱼/糖醋鱼_008.jpg,8ee3566d3f6649b007f9b6399cab5870,search_baidu,糖醋鱼 菜品,"https://img0.baidu.com/it/u=712223363,4044973999&fm=253&fmt=auto&app=138&f=JPEG?w=512&h=500",512,500,糖醋鲤鱼家庭版过水龙门鱼高清图片大全真实糖醋鱼跃龙门造型糖醋鱼
images/糖醋鱼/糖醋鱼_009.jpg,a75c22f1a56222faa01474204273c0cc,search_baidu,糖醋鱼 菜品,"https://img1.baidu.com/it/u=168554548,2610025254&fm=253&fmt=auto&app=138&f=JPEG?w=500&h=506",500,506,"糖醋鱼:酸甜交织的家的味道,一口俘获全家心"
images/糖醋鱼/糖醋鱼_010.jpg,7ea815c6d0c0989c58dd8ae0f0ad7f8f,search_baidu,糖醋鱼 菜品,"https://img0.baidu.com/it/u=1222960790,4129683990&fm=253&fmt=auto&app=138&f=JPEG?w=500&h=667",500,667,外皮焦脆的糖醋鱼舌尖上的酸甜诱惑一口难忘的美味
images/剁椒鱼头/剁椒鱼头_001.jpg,0f98f09151745c4ef7a105ffd2289cf4,search_baidu,剁椒鱼头 菜品,"https://img1.baidu.com/it/u=976057817,666970302&fm=253&fmt=auto&app=120&f=JPEG?w=862&h=800",862,800,"中国十大吃辣省份,四川,湖南,江西谁才是你心里的辣味王者?"
images/剁椒鱼头/剁椒鱼头_002.jpg,3823019153d53a5492ab21686d9d585b,search_baidu,剁椒鱼头 菜品,"https://img2.baidu.com/it/u=651567421,3443586749&fm=253&fmt=auto&app=138&f=JPEG?w=667&h=500",667,500,"剁椒鱼头:湖湘热辣,一口鲜辣的舌尖狂欢"
images/剁椒鱼头/剁椒鱼头_003.jpg,ac97ba265355929857a0e895f1ec9f3a,search_baidu,剁椒鱼头 菜品,"https://img2.baidu.com/it/u=3686710941,4272129941&fm=253&fmt=auto&app=138&f=JPEG?w=500&h=500",500,500,"湖南美食剁椒鱼头,以其酸辣鲜美,深得人心 湖南美食剁椒鱼头,以其酸辣"
images/剁椒鱼头/剁椒鱼头_004.jpg,339f72d1fc4ea95db211ef5e83dadd9c,search_baidu,剁椒鱼头 菜品,"https://img2.baidu.com/it/u=3012737020,3314984245&fm=253&fmt=auto&app=120&f=JPEG?w=500&h=794",500,794,"家常版湖南剁椒鱼头,去腥小技巧,快来试试"
images/剁椒鱼头/剁椒鱼头_005.jpg,9e22495479bcfe820c6aa85a6358bbc4,search_baidu,剁椒鱼头 菜品,"https://img1.baidu.com/it/u=2917998436,3712433900&fm=253&fmt=auto&app=120&f=JPEG?w=800&h=1067",800,1067,热辣探寻剁椒鱼头:解锁湘菜灵魂佳肴
images/剁椒鱼头/剁椒鱼头_006.jpg,19853c14056559c98b743c020aaba4e9,search_baidu,剁椒鱼头 菜品,"https://img1.baidu.com/it/u=4031483971,3508577047&fm=253&fmt=auto&app=138&f=JPEG?w=1200&h=800",1200,800,"米恋家,新上菜品剁椒鱼头,火爆鱿鱼,酸辣魔芋豆腐,贼辣下饭粉 - 抖音"
images/剁椒鱼头/剁椒鱼头_007.jpg,3f4df7c82ad1bde88d189a62c467f522,search_baidu,剁椒鱼头 菜品,"https://img0.baidu.com/it/u=1460431829,3225636593&fm=253&fmt=auto&app=138&f=JPEG?w=500&h=653",500,653,"😋网友推荐,湘菜剁椒鱼头太绝了!"
images/剁椒鱼头/剁椒鱼头_008.jpg,13f752d5a281a7117edf9eb13fac975f,search_baidu,剁椒鱼头 菜品,"https://img0.baidu.com/it/u=1297726161,3268607869&fm=253&fmt=auto&app=138&f=JPEG?w=500&h=500",500,500,"我拍下 剁椒鱼头:鲜辣过瘾的湘菜经典 剁椒鱼头是湖南传统名菜,以"
images/剁椒鱼头/剁椒鱼头_009.jpg,a59c8e57ce43ac0680383680c06945ec,search_baidu,剁椒鱼头 菜品,"https://img0.baidu.com/it/u=66137397,1414939664&fm=253&fmt=auto&app=120&f=JPEG?w=759&h=731",759,731,湘菜剁椒鱼头:辣味鲜美的传统美食
images/剁椒鱼头/剁椒鱼头_010.jpg,672bf804421579ab798b45b557bc3707,search_baidu,剁椒鱼头 菜品,"https://img2.baidu.com/it/u=1142256036,3063657476&fm=253&fmt=auto&app=138&f=JPEG?w=500&h=500",500,500,"湖南美食剁椒鱼头,以其酸辣鲜美,深得人心 湖南美食剁椒鱼头,以其酸辣"
images/麻辣虾/麻辣虾_001.jpg,e20224ce80410b4db30aaaf3d51350f7,search_baidu,麻辣虾 菜品,"https://img2.baidu.com/it/u=2723829183,1306097732&fm=253&fmt=auto&app=138&f=JPEG?w=565&h=500",565,500,"麻辣干煸大虾,美味又下饭!"
images/麻辣虾/麻辣虾_002.jpg,0bdf96356c96b3ab4de7d30f594800b1,search_baidu,麻辣虾 菜品,"https://img0.baidu.com/it/u=1341776759,2836791783&fm=253&fmt=auto&app=138&f=JPEG?w=500&h=707",500,707,香辣大虾极致诱惑:一口爆香麻辣酥鲜的满分灵魂下饭菜
images/麻辣虾/麻辣虾_003.jpg,94277742df89f8c40b25eab1dc232827,search_baidu,麻辣虾 菜品,"https://img1.baidu.com/it/u=1785762485,4215904341&fm=253&fmt=auto&app=138&f=JPEG?w=500&h=667",500,667,"香辣虾仁弹牙爽口,掌握""3淋""分量,麻辣鲜香超美味"
images/麻辣虾/麻辣虾_004.jpg,f01df7291352cb84a20997651466d374,search_baidu,麻辣虾 菜品,"https://img0.baidu.com/it/u=333721482,3680537236&fm=253&fmt=auto&app=138&f=JPEG?w=500&h=645",500,645,"家庭版麻辣虾,简单美味!"
images/麻辣虾/麻辣虾_005.jpg,831f02e8cb7358ba2864ee073389629a,search_baidu,麻辣虾 菜品,"https://img2.baidu.com/it/u=891276748,3776378751&fm=253&fmt=auto&app=138&f=JPEG?w=500&h=643",500,643,麻辣虾尾:美味与健康的完美结合
images/麻辣虾/麻辣虾_006.jpg,5396dd2b658f162dd460b1c18522d75a,search_baidu,麻辣虾 菜品,"https://img0.baidu.com/it/u=502711311,164232144&fm=253&fmt=auto&app=138&f=JPEG?w=500&h=652",500,652,干锅麻辣大虾推荐
images/麻辣虾/麻辣虾_007.jpg,c0efd601aa9805825833b8d628beb273,search_baidu,麻辣虾 菜品,"https://img2.baidu.com/it/u=2151084095,3479430875&fm=253&fmt=auto&app=138&f=JPEG?w=500&h=653",500,653,"家庭版麻辣虾,简单美味!"
images/麻辣虾/麻辣虾_008.jpg,385cab57e3645a46d1fd3ad01579beeb,search_baidu,麻辣虾 菜品,"https://img1.baidu.com/it/u=491121562,50060974&fm=253&fmt=auto&app=138&f=JPEG?w=744&h=500",744,500,香辣虾:简单又美味的家常菜
images/麻辣虾/麻辣虾_009.jpg,6b81d37f0fd91862122fba3d202ad295,search_baidu,麻辣虾 菜品,"https://img1.baidu.com/it/u=2479229115,2288626238&fm=253&fmt=auto&app=138&f=JPEG?w=512&h=500",512,500,香辣虾:无辣不欢者的终极选择
images/麻辣虾/麻辣虾_010.jpg,1bdda92124cb6a5a4d106129fdd70cad,search_baidu,麻辣虾 菜品,"https://img2.baidu.com/it/u=2848376161,3176378626&fm=253&fmt=auto&app=138&f=JPEG?w=500&h=750",500,750,香辣大虾极致诱惑:一口爆香麻辣酥鲜的满分灵魂下饭菜
images/螃蟹/螃蟹_001.jpg,4c005beef04d35c139284900f95ff033,search_baidu,螃蟹 菜品,"https://img0.baidu.com/it/u=3705731434,2727748627&fm=253&fmt=auto&app=138&f=JPEG?w=500&h=652",500,652,辣炒梭子蟹:爽辣过瘾的螃蟹新吃法
images/螃蟹/螃蟹_002.jpg,e205fa63d3e53d0dd1c0ab2c13752675,search_baidu,螃蟹 菜品,"https://img2.baidu.com/it/u=3418148091,77299306&fm=253&fmt=auto&app=138&f=JPEG?w=500&h=643",500,643,"炒螃蟹加豆瓣酱,香到跺脚的秘诀!"
images/螃蟹/螃蟹_003.jpg,7a7da0aafe51e464c727af1303fb3e55,search_baidu,螃蟹 菜品,"https://img2.baidu.com/it/u=2471051224,974373452&fm=253&fmt=auto&app=138&f=JPEG?w=500&h=667",500,667,"这次尝试一下香辣口味,味道绝对让你惊艳! 首先,清洗螃蟹是关键."
images/螃蟹/螃蟹_004.jpg,86b3c440e7f9e0d3dd03acbdd11fdb00,search_baidu,螃蟹 菜品,"https://img0.baidu.com/it/u=61330009,3417537015&fm=253&fmt=auto&app=138&f=JPEG?w=511&h=500",511,500,"在家轻松做香辣螃蟹,美味不打烊!"
images/螃蟹/螃蟹_005.jpg,ebd6b8d5c61bc9c72c07564e5e983944,search_baidu,螃蟹 菜品,"https://img1.baidu.com/it/u=681867412,3543157450&fm=253&fmt=auto&app=138&f=JPEG?w=560&h=500",560,500,清蒸螃蟹与经典家常菜的美味盛宴
images/螃蟹/螃蟹_006.jpg,ef98282340abb71b14e8773491207d3e,search_baidu,螃蟹 菜品,"https://img1.baidu.com/it/u=2527292244,4109385666&fm=253&fmt=auto&app=138&f=JPEG?w=500&h=653",500,653,► 菜品
images/螃蟹/螃蟹_007.jpg,e7ceaa9042f078f73d1829f4d0e4d6af,search_baidu,螃蟹 菜品,"https://img0.baidu.com/it/u=3719820143,816589343&fm=253&fmt=auto&app=138&f=JPEG?w=500&h=745",500,745,姜葱螃蟹
images/螃蟹/螃蟹_008.jpg,90d13865207f92de6cff7e7852fd9ca4,search_baidu,螃蟹 菜品,"https://img2.baidu.com/it/u=3979774978,1606514093&fm=253&fmt=auto&app=138&f=JPEG?w=500&h=667",500,667,"厨房小白也能复刻的""吮指快乐""_螃蟹_step_干辣椒"
images/螃蟹/螃蟹_009.jpg,46f511bbd18a9e585c21f5bc015634e0,search_baidu,螃蟹 菜品,"https://img0.baidu.com/it/u=1622061504,3381826017&fm=253&fmt=auto&app=138&f=JPEG?w=500&h=574",500,574,🦀️姜葱炒梭子蟹:美味到让你停不下来!
images/螃蟹/螃蟹_010.jpg,e89d571e0018871f08fa55c037958167,search_baidu,螃蟹 菜品,"https://img1.baidu.com/it/u=1960076072,425801145&fm=253&fmt=auto&app=120&f=JPEG?w=500&h=652",500,652,"金秋蟹肥正当时,姜葱炒蟹暖胃又解馋!"
images/小笼包/小笼包_001.jpg,e51c5fdffb6d11b0a367792f0404a40f,search_baidu,小笼包 菜品,"https://img1.baidu.com/it/u=2364243829,1898904226&fm=253&fmt=auto&app=138&f=JPEG?w=800&h=1066",800,1066,"【100个】猪肉大葱小笼包速冻速食包子早.猪肉大葱小笼包,喜 - 抖音"
images/小笼包/小笼包_002.jpg,ecfe9805236cbab218541453fdd2e580,search_baidu,小笼包 菜品,"https://img1.baidu.com/it/u=899564809,217387675&fm=253&fmt=auto&app=138&f=JPEG?w=500&h=738",500,738,"鲜美又便捷,雪菜小笼包完美解决你的早餐烦恼"
images/小笼包/小笼包_003.jpg,67c395dab7c245fafa538e421f1e5af6,search_baidu,小笼包 菜品,"https://img2.baidu.com/it/u=4228788204,1532339235&fm=253&fmt=auto&app=138&f=JPEG?w=506&h=500",506,500,"黑猪肉小笼包,早餐界的奢华享受!"
images/小笼包/小笼包_004.jpg,78457b7bfd98acf39de510513be689d1,search_baidu,小笼包 菜品,"https://img2.baidu.com/it/u=3173719563,71673455&fm=253&fmt=auto&app=120&f=JPEG?w=667&h=500",667,500,"杭州小笼包加盟费多少钱?投资是否划算,开店该注意啥!"
images/小笼包/小笼包_005.jpg,6f2d8fa3ce7ca98d9729335e8acdb330,search_baidu,小笼包 菜品,"https://img0.baidu.com/it/u=944945539,3527246715&fm=253&fmt=auto&app=138&f=JPEG?w=500&h=750",500,750,蟹粉灌汤小笼包
images/小笼包/小笼包_006.jpg,fcc45790e91e10fcd4f12784df0e7aae,search_baidu,小笼包 菜品,"https://img1.baidu.com/it/u=3502094655,970720066&fm=253&fmt=auto&app=138&f=JPEG?w=500&h=500",500,500,天津必尝本帮菜:生煎小笼包香到爆!
images/小笼包/小笼包_007.jpg,05852017ef93d065a786ebecee7f689b,search_baidu,小笼包 菜品,"https://img2.baidu.com/it/u=2222945087,324529592&fm=253&fmt=auto&app=120&f=JPEG?w=828&h=800",828,800,"此外,常州市横山桥武进区兴隆记美食图片小笼包菜品图常州小笼包招牌"
images/小笼包/小笼包_008.jpg,02904b30847d15d35382be9359c24f08,search_baidu,小笼包 菜品,"https://img0.baidu.com/it/u=2302296504,1949645779&fm=253&fmt=auto&app=138&f=JPEG?w=800&h=1067",800,1067,"今天上新了川味炒馅儿小笼包,微辣不油腻."
images/小笼包/小笼包_009.jpg,933ede1dbbf05346c453b571601e9ea4,search_baidu,小笼包 菜品,"https://img1.baidu.com/it/u=3942071536,1418280546&fm=253&fmt=auto&app=138&f=JPEG?w=500&h=625",500,625,包春秋的小笼包:酸菜口味让人上瘾!
images/小笼包/小笼包_010.jpg,2bb05ff32b33db0e336b56f6517ffa1a,search_baidu,小笼包 菜品,"https://img1.baidu.com/it/u=1229796632,2500266328&fm=253&fmt=auto&app=138&f=JPEG?w=500&h=750",500,750,今日份上班族学生党追剧下午茶早餐宵夜好物推荐分享:杭州风味小笼包
images/肉夹馍/肉夹馍_001.jpg,439c8ecd0e6eb538736f3b08edd872c5,search_baidu,肉夹馍 菜品,"https://img1.baidu.com/it/u=595951369,1004719128&fm=253&fmt=auto&app=120&f=JPEG?w=1199&h=800",1199,800,"【肉夹馍】当代女王的养生充电宝  现代女性就像永动机,既要带娃又要"
images/肉夹馍/肉夹馍_002.jpg,770a82445fbb6dcb73a3f67370518c65,search_baidu,肉夹馍 菜品,"https://img2.baidu.com/it/u=1613257235,3813991019&fm=253&fmt=auto&app=138&f=JPEG?w=500&h=587",500,587,家庭版肉夹馍:制作秘诀与搭配技巧全解析
images/肉夹馍/肉夹馍_003.jpg,4ed3f2b6da9bccc02a3afa11637e13d9,search_baidu,肉夹馍 菜品,"https://img2.baidu.com/it/u=2987263293,2243433820&fm=253&fmt=auto&app=120&f=JPEG?w=800&h=1001",800,1001,🥙 肉夹馍制作指南:传统美食的魅力 🥙
images/肉夹馍/肉夹馍_004.jpg,e2ddfc9b6fd698af030457b1e23ebfc1,search_baidu,肉夹馍 菜品,"https://img2.baidu.com/it/u=2238899273,107848661&fm=253&fmt=auto&app=138&f=JPEG?w=659&h=500",659,500,肉夹馍:陕西的独特风味 🍜
images/肉夹馍/肉夹馍_005.jpg,06ed7cb33a4abd522835b62798f07ace,search_baidu,肉夹馍 菜品,"https://img0.baidu.com/it/u=3471350920,3343243054&fm=253&fmt=auto&app=120&f=JPEG?w=824&h=800",824,800,肉夹馍的美味瞬间:精选素材图集 🍖🥙
images/肉夹馍/肉夹馍_006.jpg,1c7c34f01bac4d884ea7c2dda390998f,search_baidu,肉夹馍 菜品,"https://img0.baidu.com/it/u=3584201347,3404195744&fm=253&fmt=auto&app=138&f=JPEG?w=500&h=652",500,652,江夏美食探秘:酥脆肉夹馍的秘密
images/肉夹馍/肉夹馍_007.jpg,7ffb6c212862409e4c1003d301aa8aeb,search_baidu,肉夹馍 菜品,"https://img2.baidu.com/it/u=1138487460,2711328325&fm=253&fmt=auto&app=138&f=JPEG?w=666&h=500",666,500,"肉夹馍是古汉语""肉夹于馍""的简称,中国陕西省汉族特色食物之一,一起来"
images/肉夹馍/肉夹馍_008.jpg,aefc99e5106d2660b144d4a19f9188a0,search_baidu,肉夹馍 菜品,"https://img2.baidu.com/it/u=832879286,781177131&fm=253&fmt=auto&app=138&f=JPEG?w=500&h=667",500,667,西安肉夹馍肥而不腻的致命细节!老潼关师傅:馍要烤出 虎背铁圈
images/肉夹馍/肉夹馍_009.jpg,965533f5e00e2af5a5ed03dbeff928e1,search_baidu,肉夹馍 菜品,"https://img1.baidu.com/it/u=2473268701,3990749099&fm=253&fmt=auto&app=138&f=JPEG?w=500&h=615",500,615,香菜狂喜!红烧肉夹馍撑到扶墙出🌱
images/肉夹馍/肉夹馍_010.jpg,92cb66df2d4cc326c76a1c6ec82b3078,search_baidu,肉夹馍 菜品,"https://img2.baidu.com/it/u=832005254,2690258144&fm=253&fmt=auto&app=138&f=JPEG?w=500&h=644",500,644,"自制美味肉夹馍,简单又美味!"
images/酸辣粉/酸辣粉_001.jpg,5aa62bee57bb12898444f055aa6924e2,search_baidu,酸辣粉 菜品,"https://img1.baidu.com/it/u=981111450,1907856002&fm=253&fmt=auto&app=120&f=JPEG?w=800&h=1050",800,1050,"自制酸辣粉,香辣酸爽,简单又美味!"
images/酸辣粉/酸辣粉_002.jpg,5dfdb7794f954bf74f0bc717980f61ad,search_baidu,酸辣粉 菜品,"https://img1.baidu.com/it/u=2998500910,1625580930&fm=253&fmt=auto&app=138&f=JPEG?w=500&h=646",500,646,酸辣粉:3元搞定一碗的地道美味
images/酸辣粉/酸辣粉_003.jpg,0ed5f1f4ec15f64ad4816d4f7051cb52,search_baidu,酸辣粉 菜品,"https://img2.baidu.com/it/u=340423684,1886247593&fm=253&fmt=auto&app=138&f=JPEG?w=500&h=667",500,667,今天分享的是好吃到停不下来的酸辣粉!
images/酸辣粉/酸辣粉_004.jpg,527531cfae4d61fbca1ac3981fc1e80c,search_baidu,酸辣粉 菜品,"https://img0.baidu.com/it/u=1073341444,2159073687&fm=253&fmt=auto&app=120&f=JPEG?w=500&h=503",500,503,"喜欢吃酸辣粉别去外面了,教你在家简单做,酸爽开胃,越吃越过瘾"
images/酸辣粉/酸辣粉_005.jpg,97d4b8173d8ec653536e9c850ee39e72,search_baidu,酸辣粉 菜品,"https://img1.baidu.com/it/u=1654823462,398512282&fm=253&fmt=auto&app=138&f=JPEG?w=500&h=653",500,653,"在家10分钟搞定酸辣粉,简单又美味!"
images/酸辣粉/酸辣粉_006.jpg,db55c4d99f97f83fb3484cff7fd774eb,search_baidu,酸辣粉 菜品,"https://img0.baidu.com/it/u=3558245665,1717520811&fm=253&fmt=auto&app=120&f=JPEG?w=500&h=561",500,561,"夜宵来碗酸辣粉!10分钟搞定,酸辣过瘾直冒汗"
images/酸辣粉/酸辣粉_007.jpg,a757d52889ba0819873ddb74c935d013,search_baidu,酸辣粉 菜品,"https://img0.baidu.com/it/u=3952664483,3529477543&fm=253&fmt=auto&app=138&f=JPEG?w=500&h=538",500,538,"明天起,来通江免费嗦酸辣粉啦!"
images/酸辣粉/酸辣粉_008.jpg,ac64ebc2f94d5c1837443d96d1c05ebe,search_baidu,酸辣粉 菜品,"https://img2.baidu.com/it/u=3333690120,1641464434&fm=253&fmt=auto&app=138&f=JPEG?w=701&h=500",701,500,重庆酸辣粉:街头巷尾的酸辣诱惑
images/酸辣粉/酸辣粉_009.jpg,a473b03459eee19565347ba05f9ce33f,search_baidu,酸辣粉 菜品,"https://img0.baidu.com/it/u=3452811970,2287256253&fm=253&fmt=auto&app=138&f=JPEG?w=500&h=818",500,818,"家庭自制酸辣粉,简单又美味!"
images/酸辣粉/酸辣粉_010.jpg,3653cc391474f04c67e26bd859265290,search_baidu,酸辣粉 菜品,"https://img0.baidu.com/it/u=1678198648,1209807341&fm=253&fmt=auto&app=120&f=JPEG?w=500&h=667",500,667,破防了真想拿这个配方出摊自制酸辣粉酸辣过瘾
images/凉面/凉面_001.jpg,532c233612e60545642fd4df2c91704d,search_baidu,凉面 菜品,"https://img2.baidu.com/it/u=751313907,4043408103&fm=253&fmt=auto&app=120&f=JPEG?w=800&h=1030",800,1030,自制凉面秘籍!简单美味🍜
images/凉面/凉面_002.jpg,ccf5ae15a7221bd8e47f070f8d629600,search_baidu,凉面 菜品,"https://img0.baidu.com/it/u=2864494032,103831926&fm=253&fmt=auto&app=120&f=JPEG?w=800&h=1039",800,1039,"五分钟酸辣凉面,清爽开胃!"
images/凉面/凉面_003.jpg,19569b92851b91fae93b0202a8250667,search_baidu,凉面 菜品,"https://img0.baidu.com/it/u=1733434851,3171944060&fm=253&fmt=auto&app=120&f=JPEG?w=851&h=800",851,800,"凉面怎么做,5种特色凉面,哪款你更喜欢"
images/凉面/凉面_004.jpg,126471ffe2f401baef1983a751cfb5af,search_baidu,凉面 菜品,"https://img0.baidu.com/it/u=3318726246,2932623069&fm=253&fmt=auto&app=120&f=JPEG?w=500&h=667",500,667,"试试这6道""快手凉面"",酸辣开胃又管饱,拯救没胃口!"
images/凉面/凉面_005.jpg,85a38383b5b16b67e615b1e42583ae1d,search_baidu,凉面 菜品,"https://img2.baidu.com/it/u=3361953698,3931902034&fm=253&fmt=auto&app=120&f=JPEG?w=800&h=1067",800,1067,"从泰国妈妈面到四川鸡丝凉面,一碗凉面如何引爆全球消暑味蕾?"
images/凉面/凉面_006.jpg,e60eadd7379c4e21f977b4fd909a9de4,search_baidu,凉面 菜品,"https://img1.baidu.com/it/u=2613373320,4080001778&fm=253&fmt=auto&app=138&f=JPEG?w=500&h=652",500,652,"酸辣爽口凉面,夏日必备!"
images/凉面/凉面_007.jpg,263cbb4e19892f24b23de31344b9e06c,search_baidu,凉面 菜品,"https://img0.baidu.com/it/u=348664663,736837971&fm=253&fmt=auto&app=138&f=JPEG?w=500&h=600",500,600,"万州凉面:芥麻风味,辣味十足"
images/凉面/凉面_008.jpg,7367c2fdb65af3a7c8b0b30c39d31536,search_baidu,凉面 菜品,"https://img2.baidu.com/it/u=4020084424,2751104645&fm=253&fmt=auto&app=138&f=JPEG?w=501&h=500",501,500,"凉面清爽可口,是夏日的绝佳美食,一起来学着做吧!"
images/凉面/凉面_009.jpg,2c09b8c865e2619a3389efc697c6d6f0,search_baidu,凉面 菜品,"https://img0.baidu.com/it/u=3435641742,170688808&fm=253&fmt=auto&app=120&f=JPEG?w=500&h=667",500,667,"试试5道""开胃凉面"",酸辣爽口激发食欲,夏天吃饭香!"
images/凉面/凉面_010.jpg,69d5e19ec0e99f541c71206cdf4487ed,search_baidu,凉面 菜品,"https://img2.baidu.com/it/u=2832842319,3751733758&fm=253&fmt=auto&app=138&f=JPEG?w=500&h=656",500,656,夏日清凉必备:美味凉面配菜指南
images/炒面/炒面_001.jpg,24d65ea9c10546e6154bc353a8efbe38,search_baidu,炒面 菜品,"https://img1.baidu.com/it/u=4191799023,3586917876&fm=253&fmt=auto&app=138&f=JPEG?w=500&h=658",500,658,"10分钟!家常炒面,超美味!"
images/炒面/炒面_002.jpg,488bac765dc413544bb13db9df92b0ff,search_baidu,炒面 菜品,"https://img0.baidu.com/it/u=838083508,4233636932&fm=253&fmt=auto&app=138&f=JPEG?w=500&h=667",500,667,"答应我,一定要试试这个炒面!"
images/炒面/炒面_003.jpg,747fa1968776e20dd780c95acafd156f,search_baidu,炒面 菜品,"https://img2.baidu.com/it/u=1491194322,2394133740&fm=253&fmt=auto&app=138&f=JPEG?w=1067&h=800",1067,800,"今日分享 炒面,有肉有菜有蛋有面,既简单又营养 - 抖音"
images/炒面/炒面_004.jpg,a6052709bce9cb9cf903978d05e3d691,search_baidu,炒面 菜品,"https://img2.baidu.com/it/u=1661477915,2157230469&fm=253&fmt=auto&app=138&f=JPEG?w=500&h=650",500,650,"这道小青菜炒面,简直好吃到飞起!"
images/炒面/炒面_005.jpg,d1803365d7fa2bb1cf91da9333c6a179,search_baidu,炒面 菜品,"https://img2.baidu.com/it/u=2578422583,2892852320&fm=253&fmt=auto&app=138&f=JPEG?w=500&h=653",500,653,"答应我,一定要试试这个炒面!"
images/炒面/炒面_006.jpg,fe94163c665bd8a93610964306a4e8bd,search_baidu,炒面 菜品,"https://img1.baidu.com/it/u=358716342,3474446518&fm=253&fmt=auto&app=138&f=JPEG?w=500&h=1069",500,1069,"家庭版炒面,简单又美味!"
images/炒面/炒面_007.jpg,379aa9d61c12bf37ddcbe40f9bbcf44c,search_baidu,炒面 菜品,"https://img2.baidu.com/it/u=3886953889,937557653&fm=253&fmt=auto&app=120&f=JPEG?w=1192&h=800",1192,800,"怎样做炒面好吃又简单,配方大公开,在家轻松制作"
images/炒面/炒面_008.jpg,3867a367fd5c541e6bbeb50a5e15c97e,search_baidu,炒面 菜品,"https://img1.baidu.com/it/u=1669165254,2671480967&fm=253&fmt=auto&app=138&f=JPEG?w=500&h=740",500,740,"韩式泡菜五花肉炒面,简单又美味的家常菜"
images/炒面/炒面_009.jpg,4c8e2218ef38599f043372d2ae4f4b88,search_baidu,炒面 菜品,"https://img0.baidu.com/it/u=2286954695,889710598&fm=253&fmt=auto&app=138&f=JPEG?w=500&h=596",500,596,"多款美味炒面制作方法,让你成为烹饪高手"
images/炒面/炒面_010.jpg,489b2facfac21ff8a4699c69520bd292,search_baidu,炒面 菜品,"https://img1.baidu.com/it/u=188133275,3033349345&fm=253&fmt=auto&app=138&f=JPEG?w=562&h=500",562,500,想吃炒面不用去夜市方法教你在家做香辣好吃不油腻超简单
images/煎饺/煎饺_001.jpg,2e844898f2c0bd5b85961e4d3b7e9823,search_bing,煎饺 家常做法,https://ns-strategy.cdn.bcebos.com/ns-strategy/upload/fc_big_pic/part-00034-2981.jpg,1036,584,煎饺子怎么做-百度经验
images/煎饺/煎饺_002.jpg,cbf41be65248ad55e543c4bc4bbbb028,search_bing,煎饺 家常做法,https://materials.cdn.bcebos.com/images/36313592/28c47d1b183564d7a84ebab99e807e9f.jpeg,1920,1077,煎饺怎么做才好吃？
images/白粥/白粥_001.jpg,d56b3f1289c6fc28377f3c16415c1816,search_baidu,白粥 菜品,"https://img0.baidu.com/it/u=3395083668,2651553089&fm=253&fmt=auto&app=138&f=PNG?w=530&h=500",530,500,白粥配什么菜好吃
images/白粥/白粥_002.jpg,ad51c8f39cf3e6ddffacc9eb2365cd4e,search_baidu,白粥 菜品,"https://img0.baidu.com/it/u=1591822617,2342613614&fm=253&fmt=auto&app=138&f=JPEG?w=514&h=500",514,500,"生病喝白粥?你可能误解了""清淡饮食"""
images/白粥/白粥_003.jpg,4d7bef07884b76cfd1d5f8f94946d5d4,search_baidu,白粥 菜品,"https://img1.baidu.com/it/u=3598591624,2747896150&fm=253&fmt=auto&app=120&f=JPEG?w=800&h=1067",800,1067,"白米粥没有味道,不妨试试这些花样营养粥,越喝越上瘾"
images/白粥/白粥_004.jpg,a54c54b01f271f5dc5e0cda27393c243,search_baidu,白粥 菜品,"https://img1.baidu.com/it/u=4189149741,992014561&fm=253&fmt=auto&app=138&f=JPEG?w=500&h=667",500,667,五行缺燚 的想法: 美食随手拍~ | 菜心 白粥.
images/白粥/白粥_005.jpg,4f356554c26c74eaf91797552a46af6d,search_baidu,白粥 菜品,"https://img1.baidu.com/it/u=2057300389,4138252073&fm=253&fmt=auto&app=138&f=JPEG?w=800&h=1067",800,1067,"还是这小玩意下饭,已经安排上的举个手#潮汕人 #白粥咸菜"
images/白粥/白粥_006.jpg,cf1af79dfe82cf1a070ce5169180ac68,search_baidu,白粥 菜品,"https://img2.baidu.com/it/u=3670568405,3395330026&fm=253&fmt=auto&app=138&f=JPEG?w=500&h=667",500,667,柳州白粥:市井里的百味吃法
images/白粥/白粥_007.jpg,a104c45654f4eaea678854be40ee6b36,search_baidu,白粥 菜品,"https://img2.baidu.com/it/u=2786665570,2646373103&fm=253&fmt=auto&app=120&f=JPEG?w=500&h=889",500,889,"一碗白粥配大头菜的清欢,只有吃过的人才能体会"
images/白粥/白粥_008.jpg,35be587b718aba859c1c0cd827d5cf26,search_baidu,白粥 菜品,"https://img2.baidu.com/it/u=1076718618,3768953185&fm=253&fmt=auto&app=138&f=JPEG?w=500&h=749",500,749,白粥配什么菜好吃
images/白粥/白粥_009.jpg,124ddfd3126e2a97248ca6ac1691989c,search_baidu,白粥 菜品,"https://img0.baidu.com/it/u=2234648027,393159121&fm=253&fmt=auto&app=120&f=JPEG?w=800&h=1067",800,1067," br> 牛奶白粥是一道丰富有营养的口感丝滑,清"
images/白粥/白粥_010.jpg,08b649d187180d78ae34a10def8e30e6,search_baidu,白粥 菜品,"https://img0.baidu.com/it/u=2919662847,129483435&fm=253&fmt=auto&app=138&f=JPEG?w=500&h=749",500,749,白粥配什么菜好吃
images/米饭/米饭_001.jpg,b7333f64b7301f1ef3ca95f98dcff458,search_baidu,米饭 菜品,"https://img2.baidu.com/it/u=3438818701,3013683629&fm=253&fmt=auto&app=138&f=JPEG?w=500&h=654",500,654,"有大鸡翅一个,一口米饭搭配着西红柿炒鸡蛋,黄瓜丝和肉沫茄子丁,简直"
images/米饭/米饭_002.jpg,912c56208f49f4d08f85e4d6043d9d3d,search_baidu,米饭 菜品,"https://img0.baidu.com/it/u=2054119755,2134964182&fm=253&fmt=auto&app=138&f=JPEG?w=500&h=652",500,652,上海菜饭:简单又美味的电饭煲神器
images/米饭/米饭_003.jpg,b7a8ba1c7d50f7d3c8f1ffea31bba7e2,search_baidu,米饭 菜品,"https://img0.baidu.com/it/u=439822963,1160037394&fm=253&fmt=auto&app=138&f=JPEG?w=508&h=500",508,500,腊肉菜饭:阴雨天的美味选择🍚
images/米饭/米饭_004.jpg,21ae01d91528338f4a45e46ffa08b158,search_baidu,米饭 菜品,"https://img2.baidu.com/it/u=1191154054,982158332&fm=253&fmt=auto&app=138&f=JPEG?w=500&h=633",500,633,"🍚🥦宝宝最爱的香喷喷菜饭,简单又美味!"
images/米饭/米饭_005.jpg,1a96192baebb35f981b8df05a5efe01a,search_baidu,米饭 菜品,"https://img2.baidu.com/it/u=4099135248,2576539332&fm=253&fmt=auto&app=138&f=JPEG?w=500&h=667",500,667,见的热量是零食和高糖水果……家常米饭和菜吃的很满足也不会很多大卡
images/米饭/米饭_006.jpg,7ca1fabeea788b7a62adc3196b44bd8a,search_baidu,米饭 菜品,"https://img2.baidu.com/it/u=1963834252,4137920805&fm=253&fmt=auto&app=120&f=JPEG?w=500&h=743",500,743,"【双语】你好!中国 | 猪油菜饭,满满饭张力的梦中情饭!"
images/米饭/米饭_007.jpg,e9dfd228e324622997fc1d0b3e9d39ce,search_baidu,米饭 菜品,"https://img2.baidu.com/it/u=77214291,793994488&fm=253&fmt=auto&app=138&f=JPEG?w=750&h=500",750,500,什么样的菜是真正的米饭杀手?
images/米饭/米饭_008.jpg,439535362108b3b6897ab5b2ac133d5d,search_baidu,米饭 菜品,"https://img0.baidu.com/it/u=1012546115,1786217302&fm=253&fmt=auto&app=138&f=JPEG?w=500&h=587",500,587,🍚炒米饭的多种配菜选择🥗
images/米饭/米饭_009.jpg,81c125952cba9be3351e7769b9287699,search_baidu,米饭 菜品,"https://img1.baidu.com/it/u=2519792344,3979429592&fm=253&fmt=auto&app=120&f=JPEG?w=800&h=957",800,957,"米饭试试这样做,不仅营养美味,而且省时省力,快来试试吧!"
images/米饭/米饭_010.jpg,b7cad447038a01f11b671e8ce2eb2896,search_baidu,米饭 菜品,"https://img0.baidu.com/it/u=3759363507,4047743407&fm=253&fmt=auto&app=120&f=JPEG?w=500&h=667",500,667,"真没想到!米饭这样做超香,孩子天天盼着吃,太解馋"
images/炒菠菜/炒菠菜_001.jpg,a5117509a912356ec9871b0084df6a3b,search_baidu,炒菠菜 菜品,"https://img1.baidu.com/it/u=3659685518,3579150151&fm=253&fmt=auto&app=138&f=JPEG?w=500&h=772",500,772,🥬轻松搞定清炒菠菜🥬
images/炒菠菜/炒菠菜_002.jpg,2245118116bd0dd79110c09e6a0ddd05,search_baidu,炒菠菜 菜品,"https://img1.baidu.com/it/u=1502961984,4115685379&fm=253&fmt=auto&app=120&f=JPEG?w=800&h=1044",800,1044,"🥬清炒菠菜,家常美味轻松做!🍽️"
images/炒菠菜/炒菠菜_003.jpg,052c9d681f75c0f533289a297e44d38c,search_baidu,炒菠菜 菜品,"https://img1.baidu.com/it/u=3072796146,3916095520&fm=253&fmt=auto&app=138&f=JPEG?w=514&h=500",514,500,清炒菠菜的制作秘诀与营养建议
images/炒菠菜/炒菠菜_004.jpg,3f7db10ac98f1964962ea54ea4840ec9,search_baidu,炒菠菜 菜品,"https://img0.baidu.com/it/u=3729520333,1563537427&fm=253&fmt=auto&app=120&f=JPEG?w=800&h=1044",800,1044,"🥬清炒菠菜,家常美味轻松做!🍽️"
images/炒菠菜/炒菠菜_005.jpg,055b434da0e31dee9f5375a228eaf06c,search_baidu,炒菠菜 菜品,"https://img2.baidu.com/it/u=3523249631,237427323&fm=253&fmt=auto&app=120&f=JPEG?w=800&h=1067",800,1067,"全家赞不绝口的清炒菠菜秘籍!新手小白秒变厨神,赶紧收藏"
images/炒菠菜/炒菠菜_006.jpg,513dbd7f9317f373d10c7d860064a549,search_baidu,炒菠菜 菜品,"https://img2.baidu.com/it/u=340029589,151270752&fm=253&fmt=auto&app=138&f=JPEG?w=500&h=600",500,600,"如果要说最容易填饱肚子的,菠菜炒粉丝排第一."
images/炒菠菜/炒菠菜_007.jpg,2fa876a75bcb44a5c45404c8984a9340,search_baidu,炒菠菜 菜品,"https://img1.baidu.com/it/u=3954753358,3218204988&fm=253&fmt=auto&app=120&f=JPEG?w=800&h=1050",800,1050,"4月5日清明节,记住""清明吃4鲜,胜过活神仙"",看完再也不迷茫"
images/炒菠菜/炒菠菜_008.jpg,2a94f5c7fe861e8c8acfa3c070f4577b,search_baidu,炒菠菜 菜品,"https://img0.baidu.com/it/u=2189116613,3520617069&fm=253&fmt=auto&app=120&f=JPEG?w=500&h=667",500,667,"炒菠菜,直接下锅炒是大错,教你饭店不外传技巧,翠绿鲜嫩不涩口"
images/炒菠菜/炒菠菜_009.jpg,24b50059a0da51cd1709905093465a10,search_baidu,炒菠菜 菜品,"https://img0.baidu.com/it/u=2710674919,3878250946&fm=253&fmt=auto&app=120&f=JPEG?w=500&h=667",500,667,"炒菠菜不要直接下锅炒,难怪不好吃,教你技巧,翠绿营养又清爽"
images/炒菠菜/炒菠菜_010.jpg,c7e36936d0845f2ee752beb260a8d830,search_baidu,炒菠菜 菜品,"https://img1.baidu.com/it/u=466857954,1827016624&fm=253&fmt=auto&app=138&f=JPEG?w=500&h=667",500,667,"清炒菠菜,简单又美味的家常小菜"
images/蛋挞/蛋挞_001.jpg,b987662a3c7c72c65f3f48649bb56d48,search_baidu,蛋挞 菜品,"https://img1.baidu.com/it/u=1764808183,1249394408&fm=253&fmt=auto&app=138&f=JPEG?w=508&h=500",508,500,"空气炸锅蛋挞,轻松做,超好吃!"
images/蛋挞/蛋挞_002.jpg,58678d7066bd8578cdedd998fc015df2,search_baidu,蛋挞 菜品,"https://img1.baidu.com/it/u=1495676173,1759262561&fm=253&fmt=auto&app=138&f=JPEG?w=500&h=878",500,878,🥚🥚蛋挞新配方:菠萝香酥蛋挞🍍
images/蛋挞/蛋挞_003.jpg,15e9da418e33389718265666bb934347,search_baidu,蛋挞 菜品,"https://img2.baidu.com/it/u=791912578,2278539279&fm=253&fmt=auto&app=138&f=JPEG?w=500&h=653",500,653,"家庭版蛋挞,简单美味!"
images/蛋挞/蛋挞_004.jpg,e85a13113ac8b3aa357926bd43396a13,search_baidu,蛋挞 菜品,"https://img0.baidu.com/it/u=2508649483,3960479732&fm=253&fmt=auto&app=138&f=JPEG?w=800&h=1067",800,1067,第1024道菜:烤脆皮蛋挞🥞.跟着#是荼靡鸭 学做美食 # - 抖音
images/蛋挞/蛋挞_005.jpg,9103c3589c552ef735f5bff8b6334f07,search_baidu,蛋挞 菜品,"https://img0.baidu.com/it/u=1087091615,1512524023&fm=253&fmt=auto&app=138&f=JPEG?w=500&h=645",500,645,"家庭自制蛋挞,简单又美味,零失败!"
images/蛋挞/蛋挞_006.jpg,65f1bea412ca60e7a83397b4197a4fdb,search_baidu,蛋挞 菜品,"https://img0.baidu.com/it/u=3872790551,3274448444&fm=253&fmt=auto&app=138&f=JPEG?w=515&h=500",515,500,"自制美味蛋挞,简单又美味的点心"
images/蛋挞/蛋挞_007.jpg,ed7bd2d0d17e8fbdf6467dc8478851b6,search_baidu,蛋挞 菜品,"https://img2.baidu.com/it/u=2225419170,4073833989&fm=253&fmt=auto&app=138&f=JPEG?w=500&h=667",500,667,好吃又颜值高的蛋挞
images/蛋挞/蛋挞_008.jpg,17472095270b755c063a6ca34136441c,search_baidu,蛋挞 菜品,"https://img1.baidu.com/it/u=3374782615,2344354448&fm=253&fmt=auto&app=138&f=JPEG?w=500&h=667",500,667,"《尝鲜必备:红薯蛋挞,开启美食新境界》"
images/蛋挞/蛋挞_009.jpg,50aed0117f5a45e195afe59c7bd577ee,search_baidu,蛋挞 菜品,"https://img0.baidu.com/it/u=1264307307,1480076428&fm=253&fmt=auto&app=138&f=JPEG?w=500&h=596",500,596,全蛋蛋挞:简单又美味的下午茶点心
images/蛋挞/蛋挞_010.jpg,09aa40b8d7c028f3efc12c2bd329600a,search_baidu,蛋挞 菜品,"https://img1.baidu.com/it/u=2073481920,1454746086&fm=253&fmt=auto&app=138&f=JPEG?w=512&h=500",512,500,空气炸锅版蛋挞:简单又美味的下午茶点心
images/面包/面包_001.jpg,f7edaad99ba8f100208efb7f0dc15310,search_baidu,面包 菜品,"https://img2.baidu.com/it/u=1453869042,1453053043&fm=253&fmt=auto&app=138&f=JPEG?w=500&h=652",500,652,🍞香葱蔬菜沙拉面包🥗的烘焙秘籍✨
images/面包/面包_002.jpg,c7fecb2f5b9fb7b33c967cd73f50142c,search_baidu,面包 菜品,"https://img0.baidu.com/it/u=1575181607,3951245184&fm=253&fmt=auto&app=138&f=JPEG?w=800&h=1200",800,1200,吐司面包拍摄 | 烟台美食菜品电商拍摄.#美食摄影 #电商产 - 抖音
images/面包/面包_003.jpg,b168aa4abbb7df62dc084d9e2b823039,search_baidu,面包 菜品,"https://img0.baidu.com/it/u=2349563244,581736535&fm=253&fmt=auto&app=138&f=JPEG?w=500&h=636",500,636,留学生必备:快速搞定美味面包夹菜法
images/面包/面包_004.jpg,3bafba58ab2bbf6fc85f4f81459c7b16,search_baidu,面包 菜品,"https://img1.baidu.com/it/u=2805476166,1728123825&fm=253&fmt=auto&app=138&f=JPEG?w=753&h=500",753,500,"金陵菜经典菜式面包大明虾是一道融合传统与创新的美食,以大明虾为主"
images/面包/面包_005.jpg,8adbb35849570a66632a656b06b3ccff,search_baidu,面包 菜品,"https://img1.baidu.com/it/u=1127983005,2740314245&fm=253&fmt=auto&app=138&f=JPEG?w=500&h=749",500,749," p data-id=""gn7yaiw8ty"">番茄蒜香面包是一道菜品,主料是法式长棍"
images/面包/面包_006.jpg,9e9efa403717cddf7477bc0ac45bc84c,search_baidu,面包 菜品,"https://img2.baidu.com/it/u=2709801265,3511992647&fm=253&fmt=auto&app=138&f=JPEG?w=500&h=544",500,544,"特别推荐菜品: 奶油泡芙 价格:18元 奶油泡芙不会很甜,冰凉爽口"
images/面包/面包_007.jpg,e2f7bc48ad6d19386f942ebb62dbab06,search_baidu,面包 菜品,"https://img0.baidu.com/it/u=1848487547,3492765505&fm=253&fmt=auto&app=138&f=JPEG?w=500&h=500",500,500," p>养生南瓜面包是一道菜品,主料是南瓜. /p>"
images/面包/面包_008.jpg,27ce898e01b1310279625d8213e69fda,search_baidu,面包 菜品,"https://img2.baidu.com/it/u=435959199,5475346&fm=253&fmt=auto&app=138&f=JPEG?w=501&h=500",501,500," p data-id=""gn7i8beo14"">彩椒茄子苜蓿芽面包是一款面包菜品,制作"
images/面包/面包_009.jpg,acf3f9d744d38370a0ca614d11b07b01,search_baidu,面包 菜品,"https://img0.baidu.com/it/u=3446046410,915331611&fm=253&fmt=auto&app=138&f=JPEG?w=569&h=427",569,427," p>香葱肉松胡萝卜面包是一道菜品,制作材料有 a target=""_blank"""
images/面包/面包_010.jpg,08846014294b9468a3b39680f309f978,search_baidu,面包 菜品,"https://img0.baidu.com/it/u=328998075,768079808&fm=253&fmt=auto&app=138&f=JPEG?w=569&h=427",569,427," p>香葱肉松胡萝卜面包是一道菜品,制作材料有 a target=""_blank"""
images/双皮奶/双皮奶_001.jpg,1837b58380758da4fe7d91b6c3206506,search_baidu,双皮奶 菜品,"https://img0.baidu.com/it/u=1349819489,965323596&fm=253&fmt=auto&app=138&f=JPEG?w=500&h=653",500,653,郑州必吃!正宗广式双皮奶推荐
images/双皮奶/双皮奶_002.jpg,d47457874b4317e42193777149bb715a,search_baidu,双皮奶 菜品,"https://img2.baidu.com/it/u=3434567090,1973791440&fm=253&fmt=auto&app=138&f=JPEG?w=511&h=500",511,500,"甜品控必尝!南信双皮奶,广州人的甜蜜记忆"
images/双皮奶/双皮奶_003.jpg,9b73c5c87806a3b983e9aecadd1be4fb,search_baidu,双皮奶 菜品,"https://img2.baidu.com/it/u=824315432,951627493&fm=253&fmt=auto&app=138&f=JPEG?w=500&h=654",500,654,🌞夏日必备!自制双皮奶商用秘籍🍦
images/双皮奶/双皮奶_004.jpg,c46ed21bee5e759ddb05eaf77e4a4a01,search_baidu,双皮奶 菜品,"https://img0.baidu.com/it/u=585976705,126190535&fm=253&fmt=auto&app=138&f=JPEG?w=518&h=500",518,500,顺德双皮奶:甜品之王的醇厚奶香
images/双皮奶/双皮奶_005.jpg,7493cf298e7f555df8ba11923f9455fa,search_baidu,双皮奶 菜品,"https://img0.baidu.com/it/u=3265900640,2985074953&fm=253&fmt=auto&app=138&f=JPEG?w=500&h=667",500,667,岭南双皮奶:一碗会呼吸的奶香艺术
images/双皮奶/双皮奶_006.jpg,097e5b60348e2e82fa1edfdb2901dbb1,search_baidu,双皮奶 菜品,"https://img2.baidu.com/it/u=2537034075,1380169020&fm=253&fmt=auto&app=138&f=JPEG?w=500&h=667",500,667,双皮奶不用炖两小时?这罐粉倒进碗里静置就成 silky 膏体 🥄
images/双皮奶/双皮奶_007.jpg,94befd3d9b4a91767b43b0149df3910b,search_baidu,双皮奶 菜品,"https://img1.baidu.com/it/u=7883732,2899324235&fm=253&fmt=auto&app=120&f=JPEG?w=800&h=1067",800,1067,手工双皮奶面临失传?非遗老师傅叹:年轻人嫌麻烦不愿学
images/双皮奶/双皮奶_008.jpg,9aee87b350930a427bb960fc858715d7,search_baidu,双皮奶 菜品,"https://img2.baidu.com/it/u=1228941135,1971572684&fm=253&fmt=auto&app=138&f=JPEG?w=500&h=656",500,656,广州甜品店:芒果双皮奶的甜蜜之旅
images/双皮奶/双皮奶_009.jpg,a864dc87c48263376e1917dc6178e363,search_baidu,双皮奶 菜品,"https://img2.baidu.com/it/u=1241305971,3702155668&fm=253&fmt=auto&app=138&f=JPEG?w=500&h=617",500,617,"顺德""双皮奶"",两层奶皮是精华,口感嫩滑,奶香醇厚得不像话"
images/双皮奶/双皮奶_010.jpg,acc938183aa61d9eea94d1a0e4010191,search_baidu,双皮奶 菜品,"https://img1.baidu.com/it/u=3082759412,2416848100&fm=253&fmt=auto&app=138&f=JPEG?w=500&h=667",500,667,"知乎用户c8foyr 的想法: 双皮奶 | 顺德甜品双皮奶,还有西米露都是"
images/冰淇淋/冰淇淋_001.jpg,b62bc14667905118e46c6ff2775fb545,search_baidu,冰淇淋 菜品,"https://img1.baidu.com/it/u=2236355672,1549235473&fm=253&fmt=auto&app=120&f=JPEG?w=800&h=1067",800,1067,【推荐菜品】 冰淇淋:小囡囡免贵真是蛮
images/冰淇淋/冰淇淋_002.jpg,78554fec038b0b83d4b2ef4eceb02667,search_baidu,冰淇淋 菜品,"https://img0.baidu.com/it/u=484828918,392458691&fm=253&fmt=auto&app=138&f=JPEG?w=500&h=750",500,750,"id=""gn7ynkrzdj"">巧克力碎苹果冰淇淋是苹果,纯牛奶,梨为主料的菜品"
images/冰淇淋/冰淇淋_003.jpg,e8fb7645cb893168bbf091237b5129b7,search_baidu,冰淇淋 菜品,"https://img2.baidu.com/it/u=437523168,2477761474&fm=253&fmt=auto&app=138&f=JPEG?w=500&h=667",500,667,非常美味 菜品很丰富 冰淇淋很好吃 鲜奶
images/冰淇淋/冰淇淋_004.jpg,6d7dbdc3e928e6c42b70cdcb792b913a,search_baidu,冰淇淋 菜品,"https://img2.baidu.com/it/u=323039215,4159297973&fm=253&fmt=auto&app=138&f=JPEG?w=750&h=500",750,500,剖腹产术后多久能吃生冷食物?
images/冰淇淋/冰淇淋_005.jpg,85d5331277803e62aca333061dceb50b,search_baidu,冰淇淋 菜品,"https://img0.baidu.com/it/u=4236248289,1613631669&fm=253&fmt=auto&app=138&f=JPEG?w=500&h=667",500,667,冰淇淋布丁
images/冰淇淋/冰淇淋_006.jpg,4530caa75d4061ca0e5c109fd78008df,search_baidu,冰淇淋 菜品,"https://img2.baidu.com/it/u=1654697584,3829406881&fm=253&fmt=auto&app=138&f=JPEG?w=800&h=1067",800,1067,冰淇淋奶油红薯呦.
images/冰淇淋/冰淇淋_007.jpg,df4df406cfd919bc2f45428010c3f97e,search_baidu,冰淇淋 菜品,"https://img0.baidu.com/it/u=1185597634,1162149451&fm=253&fmt=auto&app=138&f=JPEG?w=655&h=436",655,436,"id=""gn7ynkrzdj"">巧克力碎苹果冰淇淋是苹果,纯牛奶,梨为主料的菜品"
images/冰淇淋/冰淇淋_008.jpg,4c92a2b34524c94e66f284e1a7a0b022,search_baidu,冰淇淋 菜品,"https://img2.baidu.com/it/u=2757564569,1128962176&fm=253&fmt=auto&app=138&f=JPEG?w=500&h=500",500,500,"菜品 他家的冰淇淋底部铺了醪糟,吃起来整体不甜腻,但是冰淇淋球有点"
images/冰淇淋/冰淇淋_009.jpg,b645078691ea0a8b7cc3a3456bf34e1d,search_baidu,冰淇淋 菜品,"https://img1.baidu.com/it/u=1635195835,993760142&fm=253&fmt=auto?w=682&h=1023",682,1023,"在盘子上的冰淇淋,冰淇淋与巧克力软糖菜"
images/冰淇淋/冰淇淋_010.jpg,2c50bd29fe8d2aed1c7e74f57865b12f,search_baidu,冰淇淋 菜品,"https://img0.baidu.com/it/u=2759102672,2266976631&fm=253&fmt=auto&app=138&f=JPEG?w=380&h=506",380,506,冰淇淋布丁
mixed_raw/mixed_001.jpg,1762568c032237c86246ba9e8656d832,search_baidu,食堂两菜一饭 餐盘,"https://img1.baidu.com/it/u=3991776973,3598774955&fm=253&fmt=auto&app=138&f=JPEG?w=500&h=640",500,640,"食堂餐盘里的秘密花园,每天的小确幸!"
mixed_raw/mixed_002.jpg,5aa4da5d4552ead84926f24fab6d2434,search_baidu,食堂两菜一饭 餐盘,"https://img1.baidu.com/it/u=2731053036,3576189844&fm=253&fmt=auto&app=120&f=JPEG?w=500&h=750",500,750,"北京这些单位食堂,都对外开放了!_餐盘_地址_景山"
mixed_raw/mixed_003.jpg,5de19a5c7cbc8b063315cb27070e07b9,search_baidu,食堂两菜一饭 餐盘,"https://img0.baidu.com/it/u=1587056966,4070145829&fm=253&fmt=auto&app=138&f=JPEG?w=601&h=500",601,500,现在看到食堂阿姨都想绕道走!
mixed_raw/mixed_004.jpg,19d203dc8cb9ad5a68ae7a47f569d792,search_baidu,食堂两菜一饭 餐盘,"https://img2.baidu.com/it/u=821015171,3588787966&fm=253&fmt=auto&app=138&f=JPEG?w=500&h=667",500,667,"现在有多少公司管饭,我们公司食堂的两菜一汤,#一日三餐人间烟火简单"
mixed_raw/mixed_005.jpg,c0362fe5d46fc4b9fcf6243f57e6aaf9,search_baidu,食堂饭菜 餐盘,"https://img2.baidu.com/it/u=2557114706,1961574557&fm=253&fmt=auto&app=138&f=PNG?w=500&h=653",500,653,食堂餐盘:那些年我们一起吃过的美味
mixed_raw/mixed_006.jpg,33042604718d9695bb8f2e6356a7cafc,search_baidu,食堂饭菜 餐盘,"https://img1.baidu.com/it/u=698179051,3421621704&fm=253&fmt=auto&app=138&f=JPEG?w=500&h=667",500,667,"火锅里的美人鱼 的想法: 今天食堂的饭菜真好吃 | 中午去吃了食堂,黑"
mixed_raw/mixed_007.jpg,5d96b3cd0e9d50d7da1becbb71124e9a,search_baidu,食堂饭菜 餐盘,"https://img2.baidu.com/it/u=1852785020,3166420369&fm=253&fmt=auto&app=138&f=JPEG?w=500&h=667",500,667,冬小麦 的想法: 食堂饭菜是否好吃和领导的意志正相关 | 公司老板被
mixed_raw/mixed_008.jpg,aee77c7c43842cf9f88cf9d5e73463fd,search_baidu,食堂饭菜 餐盘,"https://img0.baidu.com/it/u=386593721,1408094797&fm=253&fmt=auto&app=138&f=JPEG?w=500&h=667",500,667,叶玲 的想法: 校园食堂伙食 | 母校的食堂饭菜真的是让我流连忘返
mixed_raw/mixed_009.jpg,3faab3411dc24b09ef4f78bd5db1cb58,search_baidu,家常菜 三个菜 摆盘,"https://img1.baidu.com/it/u=1359514093,3183204268&fm=253&fmt=auto&app=138&f=JPEG?w=500&h=653",500,653,三人食家常菜推荐
mixed_raw/mixed_010.jpg,979073cde63f4712496ce1c19b85d81c,search_baidu,家常菜 三个菜 摆盘,"https://img0.baidu.com/it/u=4206358558,1777714654&fm=253&fmt=auto&app=138&f=JPEG?w=500&h=653",500,653,"5元搞定三道菜,挑战厨房新技能!"
mixed_raw/mixed_011.jpg,62ca2c7ebc0624325d052ed4a11a97b2,search_baidu,家常菜 三个菜 摆盘,"https://img1.baidu.com/it/u=3234043587,3669004388&fm=253&fmt=auto&app=138&f=JPEG?w=500&h=653",500,653,🍽️ 今晚就吃这三道家常菜!
mixed_raw/mixed_012.jpg,c3fc4fd2707637ae55281ac12992c6f3,search_baidu,家常菜 三个菜 摆盘,"https://img2.baidu.com/it/u=2342646506,1301091294&fm=253&fmt=auto&app=138&f=JPEG?w=500&h=652",500,652,"16元搞定三道美味家常菜,快来试试吧!"
mixed_raw/mixed_013.jpg,7b4188358acc7d677a94b262c2657172,search_baidu,一桌家常菜,"https://img2.baidu.com/it/u=2045611853,1882897929&fm=253&fmt=auto&app=120&f=JPEG?w=800&h=1067",800,1067,"""公婆的二胎"",却是丈夫和三陪的崽,我该何去何从?"
mixed_raw/mixed_014.jpg,dd85f161dbaa7f7c86015357b5eb112f,search_baidu,一桌家常菜,"https://img2.baidu.com/it/u=3132855572,2779696534&fm=253&fmt=auto&app=138&f=JPEG?w=500&h=667",500,667,"简单家宴|日常家常菜,约上好友爱人一起聚聚吧!"
mixed_raw/mixed_015.jpg,50c172814e32a55d8d424196792bb7ad,search_baidu,一桌家常菜,"https://img1.baidu.com/it/u=4242891098,1887994487&fm=253&fmt=auto&app=138&f=JPEG?w=500&h=667",500,667,这样的家宴是什么水平?一桌子的家常菜已经是大厨级别了!
mixed_raw/mixed_016.jpg,1f35e74e29a2a88b1c4f6dd6c6fc7201,search_baidu,一桌家常菜,"https://img1.baidu.com/it/u=2865246440,1562289919&fm=253&fmt=auto&app=120&f=JPEG?w=800&h=1066",800,1066,"待客用得上的4款家常硬菜!鲜香美味,好吃还不腻,学会做给家人吃"
mixed_raw/mixed_017.jpg,34c3dd3e8f846f894d6545ae9c032e3c,search_baidu,米饭炒菜 餐盘,"https://img2.baidu.com/it/u=2548241819,2799412518&fm=253&fmt=auto&app=138&f=JPEG?w=500&h=667",500,667,"今天午餐,我吃了一份营养均衡的餐盘:白米饭,清炒时蔬和煎蛋,简单又"
mixed_raw/mixed_018.jpg,6018ce9d0f9197c45c36ac25ea72e627,search_baidu,米饭炒菜 餐盘,"https://img0.baidu.com/it/u=3849087461,630254150&fm=253&fmt=auto&app=138&f=JPEG?w=500&h=1111",500,1111,"今天午餐的组合还挺合胃口,米饭,汤和炒菜搭配得刚刚好,满足!"
mixed_raw/mixed_019.jpg,b3e9d0a840d95e30550bd4dd90d40d33,search_baidu,米饭炒菜 餐盘,"https://img0.baidu.com/it/u=1743057932,335027402&fm=253&fmt=auto&app=138&f=JPEG?w=500&h=667",500,667,"今天午餐,我吃了一份营养均衡的餐盘:白米饭,清炒时蔬和煎蛋,简单又"
mixed_raw/mixed_020.jpg,d6f3943ab915305739abb091482cf415,search_baidu,米饭炒菜 餐盘,"https://img2.baidu.com/it/u=3397580684,1006570930&fm=253&fmt=auto&app=138&f=JPEG?w=500&h=667",500,667,炒饭大盘上桌啦
mixed_raw/mixed_021.jpg,50616b89015532ed9b4bb42f4f1b34cc,search_baidu,盒饭 三个菜,"https://img1.baidu.com/it/u=3033027235,2662624954&fm=253&fmt=auto&app=138&f=JPEG?w=514&h=500",514,500,"8元老盒饭,三拼美味! 最近特别想吃炒菜盖饭,但又不想只吃一种口味."
mixed_raw/mixed_022.jpg,c780b9f4074cb2914a06da0c1a3f3627,search_baidu,盒饭 三个菜,"https://img1.baidu.com/it/u=1398961273,1736061798&fm=253&fmt=auto&app=138&f=JPEG?w=500&h=667",500,667,今日便当: br>凉拌鸡腿肉🍗 br>蒜蓉娃娃菜🥬 br>米饭🍚➕
mixed_raw/mixed_023.jpg,6502decded86e51ef70d1fb6913ac236,search_baidu,盒饭 三个菜,"https://img0.baidu.com/it/u=1456877309,2931280117&fm=253&fmt=auto&app=138&f=JPEG?w=500&h=655",500,655,罗罐中东北盒饭:12元搞定美味家常菜
mixed_raw/mixed_024.jpg,08aeeb76842dd9c30f4cc84165881de4,search_baidu,盒饭 三个菜,"https://img0.baidu.com/it/u=2149764202,3565310593&fm=253&fmt=auto&app=138&f=JPEG?w=500&h=667",500,667,今日便当三个菜
mixed_raw/mixed_025.jpg,092f1db9415ed9cea14ccd2509b46300,search_baidu,盖浇饭 双拼,"https://img0.baidu.com/it/u=2893371383,543669876&fm=253&fmt=auto&app=120&f=JPEG?w=800&h=882",800,882,牛肉番茄炒蛋双拼盖饭
mixed_raw/mixed_026.jpg,3600d2deeae6b06183bd6eb00668b6a4,search_baidu,盖浇饭 双拼,"https://img1.baidu.com/it/u=1354952031,311569779&fm=253&fmt=auto&app=138&f=JPEG?w=500&h=667",500,667,8元在大上海就可以吃到酸菜青豆炒肉和西红柿鸡蛋双拼的盖浇饭啦;商家
mixed_raw/mixed_027.jpg,32c3c461663407a79c328725373be7d0,search_baidu,盖浇饭 双拼,"https://img2.baidu.com/it/u=3723671323,4152773726&fm=253&fmt=auto&app=138&f=JPEG?w=800&h=1067",800,1067,猪肉鲜肉馄饨 #盖浇饭 #小云吞 #猪脚猪肘双拼饭 #青椒 - 抖音
mixed_raw/mixed_028.jpg,6c8f86bc7fb5344d65860965cf09e5f1,search_baidu,盖浇饭 双拼,"https://img0.baidu.com/it/u=3845899862,2286460328&fm=253&fmt=auto&app=138&f=JPEG?w=500&h=667",500,667,"午餐,炒菜机小炒,辣椒炒肉番茄炒蛋双拼盖浇饭,小份炒油麦菜,紫菜蛋花"
mixed_raw/mixed_029.jpg,33cf4b39f9c78a321c1582e7dc8f2333,search_baidu,大排档 拼盘 菜,"https://img2.baidu.com/it/u=2472277068,2788255256&fm=253&fmt=auto&app=138&f=JPEG?w=500&h=652",500,652,重庆海鲜拼盘推荐 这家海鲜也太绝了吧 居然有9种海鲜的大拼盘 能围
mixed_raw/mixed_030.jpg,5ad389f37cf7207b67b23a99ae7267d3,search_baidu,大排档 拼盘 菜,"https://img2.baidu.com/it/u=3905268286,93141758&fm=253&fmt=auto&app=138&f=JPEG?w=500&h=667",500,667,"欢聚时刻,美食大拼盘登场!"
mixed_raw/mixed_031.jpg,406f04a123656bde8591fcebd3b962a1,search_baidu,大排档 拼盘 菜,"https://img1.baidu.com/it/u=3119131467,1254694316&fm=253&fmt=auto&app=138&f=JPEG?w=500&h=667",500,667,天天领红包#潮汕菜 #大排档 #卤水拼盘
mixed_raw/mixed_032.jpg,5b2c9ab3225dcb24a6e7bb6c4ca3ca2f,search_baidu,大排档 拼盘 菜,"https://img1.baidu.com/it/u=84254426,1913837636&fm=253&fmt=auto&app=138&f=JPEG?w=500&h=648",500,648,"嘉兴烧烤店超大下酒菜拼盘,吃货必试!"
mixed_raw/mixed_033.jpg,0bb469ee45301af87a65b242fd06a229,search_baidu,食堂两菜一饭 餐盘,"https://img2.baidu.com/it/u=302835522,2241291325&fm=253&fmt=auto&app=138&f=JPEG?w=667&h=500",667,500,"一肉一素二两饭,花了7块钱,饭堂的饭菜真的便宜!"
mixed_raw/mixed_034.jpg,6a8719bff0bd40d9441caa231a6c205b,search_baidu,食堂两菜一饭 餐盘,"https://img0.baidu.com/it/u=1488540018,4070713473&fm=253&fmt=auto&app=138&f=JPEG?w=738&h=500",738,500,"邻居说,小区门口的社区食堂,饭菜便宜又实惠好吃,正好今天中午老公不"
mixed_raw/mixed_035.jpg,c643e682b09914fcde557cf6f973167d,search_baidu,食堂两菜一饭 餐盘,"https://img1.baidu.com/it/u=3059233290,1546720653&fm=253&fmt=auto&app=138&f=JPEG?w=851&h=500",851,500,2人26💰吃食堂[笑脸]
mixed_raw/mixed_036.jpg,8ff317d01f17f20f6fb228e42a87a2d0,search_baidu,食堂两菜一饭 餐盘,"https://img2.baidu.com/it/u=1859610635,1028479144&fm=253&fmt=auto&app=138&f=JPEG?w=667&h=500",667,500,"晨会,三检(早中晚),卫生清扫,备菜,食品加工,餐后消毒,餐盘清洁,食品"
mixed_raw/mixed_037.jpg,2cb3360029f16031b1db7952f162d001,search_baidu,食堂饭菜 餐盘,"https://img1.baidu.com/it/u=726557338,1254730223&fm=253&fmt=auto&app=138&f=JPEG?w=667&h=500",667,500,我盯着经理油光食堂餐盘图片食堂餐盘菜图片食堂餐盘图片饭菜警校培训
mixed_raw/mixed_038.jpg,a01c07d3e6a8fb0491d68e338f37bab1,search_baidu,食堂饭菜 餐盘,"https://img0.baidu.com/it/u=406983780,1782525082&fm=253&fmt=auto&app=120&f=JPEG?w=546&h=381",546,381,"食堂餐盘,这一个圆圈位置有啥用?网友:知道的都是人才!"
mixed_raw/mixed_039.jpg,be370db518a431adabab1a0e9d135428,search_baidu,食堂饭菜 餐盘,"https://img0.baidu.com/it/u=3363024260,3463676866&fm=253&fmt=auto&app=138&f=JPEG?w=500&h=667",500,667,如何让公司食堂的饭菜变得让人期待满满🍽️
mixed_raw/mixed_040.jpg,850ba04b3b454c0d1818a0c580029145,search_baidu,食堂饭菜 餐盘,"http://t13.baidu.com/it/u=2433046434,3923738691&fm=224&app=112&f=JPEG?w=500&h=500",500,500,温朵娜316l餐盘 不锈钢快餐盘 学生食堂午餐盘 单位打饭盘 免费激光
images/煎饺/煎饺_003.jpg,66def12749792cbb9854b05949fcc698,search_baidu,煎饺 菜品,"https://img1.baidu.com/it/u=2668970415,707958959&fm=253&fmt=auto&app=138&f=JPEG?w=800&h=500",800,500,
images/煎饺/煎饺_004.jpg,f6e352c3135eee1c35a7aa7480939d55,search_baidu,煎饺 菜品,"https://img2.baidu.com/it/u=2596923673,1657691692&fm=253&fmt=auto&app=138&f=JPEG?w=500&h=653",500,653,
images/煎饺/煎饺_005.jpg,4702227372559d6a5b94403674d08cf7,search_baidu,煎饺 菜品,"http://img0.baidu.com/it/u=3233052759,1393331260&fm=253&app=138&f=JPEG?w=770&h=500",770,500,
images/煎饺/煎饺_006.jpg,1c492e69d3a09dbafb0bb1951934131c,search_baidu,煎饺 菜品,"http://img1.baidu.com/it/u=3266511317,3323909956&fm=253&app=138&f=JPEG?w=500&h=653",500,653,
images/煎饺/煎饺_007.jpg,51361977ae35b8189b57799fc425fb03,search_baidu,煎饺 菜品,"http://img1.baidu.com/it/u=3053259587,1619307552&fm=253&app=138&f=JPEG?w=475&h=634",475,634,
images/煎饺/煎饺_008.jpg,71df736d607bb3c481283f1364d0d29e,search_baidu,煎饺 菜品,"https://img0.baidu.com/it/u=1086388371,903921347&fm=253&fmt=auto&app=120&f=JPEG?w=500&h=667",500,667,
images/煎饺/煎饺_009.jpg,fc20256a3eb1ecb9cc0ce3f3c80c69fb,search_baidu,煎饺 菜品,"https://img2.baidu.com/it/u=1079408335,2691278864&fm=253&fmt=auto&app=138&f=JPEG?w=500&h=667",500,667,
images/煎饺/煎饺_010.jpg,7d2e7cd18da8dd309708ad7d4be85a6c,search_baidu,煎饺 菜品,"https://img2.baidu.com/it/u=1349619549,2336045252&fm=253&fmt=auto&app=138&f=JPEG?w=500&h=653",500,653,
